ID,Nome,SKU,Tipo,Status,Preço,"Preço Regular","Preço Promoção",Estoque,Categorias,Tags,"Imagem Principal"
15328,"BLUSA OLD NAVY AZUL MARINHO TM XL",236,simple,publish,190,190,,1,Array,,
15327,"BLUSA OLD NAVY CINZA TM XL",237,simple,publish,190,190,,1,Array,,
15324,"BLUSA NIKE CINZA TM XL",240,simple,publish,420,420,,1,Array,,
15325,"BLUSA SEA SURF VERDE MILITAR TM G",239,simple,publish,360,360,,1,Array,,
15326,"BLUSA GREG NORMAN AMARELA TM L/G",238,simple,publish,380,380,,1,Array,,
15323,"COLETE COSTÃO GOLF PRETO TM G",247,simple,publish,290,290,,1,Array,,
15322,"viseira adidas  azul marinho",0000366,simple,publish,320,320,,1,Array,,
15317,"camiseta clube feminina preta M",0000373,simple,publish,140,140,,1,Array,,
15318,"tênis Nike Air ZOOM  com logo prata e dourado numeração 7,5",0000372,simple,publish,1250,1250,,1,Array,,
15319,"tênis Nike Air ZOOM com logo prata e dourado numeração 8,5",0000371,simple,publish,1250,1250,,1,Array,,
15320,"tênis Nike Air ZOOM com logo prata e dourado  numeração 8",0000370,simple,publish,1250,1250,,1,Array,,
15315,"BERMUDA NIKE FEMININA GRAFITE TM 4",259,simple,publish,449,449,,1,Array,,
15316,"Camiseta clube feminina branca M",0000375,simple,publish,140,140,,1,Array,,
15312,"SHORT SAIA CALIA BEGE TM M",262,simple,publish,360,360,,1,Array,,
15313,"BERMUDA IZOD BEGE TM 10",261,simple,publish,220,220,,1,Array,,
15314,"BERMUDA IZOD AZUL MARINHO TM 10",260,simple,publish,220,220,,1,Array,,
15311,"SHORT SAIA CALIA BRANCA TM M",263,simple,publish,360,360,,1,Array,,
15309,"SHORT SAIA ADIDAS ROSA E LÍLAS TM XL",265,simple,publish,420,420,,1,Array,,
15310,"TOALHA COSTÃO GOLF BRANCA",264,simple,publish,60,60,,1,Array,,
15306,"SHORT SAIA ADIDAS ROXA TM XL",268,simple,publish,330,330,,1,Array,,
15307,"SHORT SAIA TRICOLOR TM L",267,simple,publish,320,320,,1,Array,,
15308,"SHORT SAIA LADY HAGEN ROSA TM L",266,simple,publish,380,380,,1,Array,,
15303,"SHORT SAIA GRAND SLAM AZUL TM M",271,simple,publish,360,360,,1,Array,,
15304,"SHORT SAIA GREG NORMAN BRANCO TM XXL",270,simple,publish,380,380,,1,Array,,
15305,"SHORT SAIA LADY HAGEN BANCA C/ VERDE TM XXL",269,simple,publish,380,380,,1,Array,,
15300,"SHORT SAIA NIKE AZIL TM M",274,simple,publish,380,380,,1,Array,,
15301,"SHORT SAIA NIKE AZUL TM L",273,simple,publish,360,360,,1,Array,,
15297,"SHORT SAIA DU´MO AZUL CLARO TM G",277,simple,publish,180,180,,1,Array,,
15298,"SHORT SAIA DU´MO AZUL CLARO TM GG",276,simple,publish,180,180,,1,Array,,
15299,"SHORT SAIA AZUL CLARO TM M",275,simple,publish,320,320,,1,Array,,
15294,"SHORT SAIA DU´MO AZUL MARINHO TM M",280,simple,publish,180,180,,1,Array,,
15295,"SHORT SAIA COSTÃO AZUL MARINHO TM G",279,simple,publish,280,280,,1,Array,,
15296,"REPARADOR DE GREEN SEM IMÃ",278,simple,publish,50,50,,1,Array,,
15290,"SHORT SAIA GLOWMODE TM L PRETA",284,simple,publish,320,320,,1,Array,,
15291,"SHORT SAIA DU´MO TM M PRETA",283,simple,publish,180,180,,1,Array,,
15292,"SHORT CALIA DE BADADO PRETO TM M",282,simple,publish,320,320,,1,Array,,
15293,"SHORT SAIA DU´MO AZUL MARINHO TM GG",281,simple,publish,180,180,,1,Array,,
15287,"REGATA GREG NORMAN BRANCA TM XL",287,simple,publish,320,320,,1,Array,,
15288,"SHORT SAIA GREG NORMAN PRETA TM XXL",286,simple,publish,380,380,,1,Array,,
15289,"SHORT SAIA PRETA BOLSO LATERAL TM S",285,simple,publish,220,220,,1,Array,,
15286,"REGATA ADIDAS BRANCA TM S",288,simple,publish,380,380,,1,Array,,
15283,"REGATA ADIDAS AZUL LISTRADA TM M",292,simple,publish,520,520,,1,Array,,
15284,"CAMISETA PGM GOLF AZUL TM L",291,simple,publish,390,390,,1,Array,,
15285,"CAMISETA FJ INFANTIL AZUL TM M",290,simple,publish,380,380,,1,Array,,
15282,"REGATA ADIDAS ROSE TM M",294,simple,publish,420,420,,1,Array,,
15280,"CAMISETA FJ BRANCA C/ VERMELHO TM L",298,simple,publish,390,390,,1,Array,,
15281,"REGATA GREG NORMAN ROSA TM XL",297,simple,publish,350,350,,1,Array,,
15278,"CAMISETA NIKE VERMELHA TM XL",300,simple,publish,370,370,,1,Array,,
15279,"REGATA ADIDAS VERMELHA ESTAMPADA TM M",299,simple,publish,420,420,,1,Array,,
15277,"CAMISETA GREG NORMAL VINHO TM S/P",301,simple,publish,380,380,,1,Array,,
15273,"CAMISETA LADY HAGEN PRETA TM M",305,simple,publish,320,320,,1,Array,,
15274,"CAMISETA ADIDAS CINZA TM S",304,simple,publish,360,360,,1,Array,,
15276,"REGATA GOTTEX GOLF FLORIDA TM S",302,simple,publish,360,360,,1,Array,,
15270,"CAMISETA GELANTE AZUL MARINHO TM XL",308,simple,publish,160,160,,1,Array,,
15271,"CAMISETA TRAVIS MATHEW CINZA TM XXL",307,simple,publish,420,420,,1,Array,,
15272,"CAMISETA PGATOUR PRETA C/CINZA TM S/P",306,simple,publish,320,320,,1,Array,,
15268,"CAMISETA GELANTE AZUL TM L",311,simple,publish,160,160,,1,Array,,
15269,"CAMISETA PARANA AZUL MARINHO TM G",309,simple,publish,140,140,,1,Array,,
15265,"CAMISETA CUTTER E BUCK LISTRADA CINZA TM S/P",314,simple,publish,380,380,,1,Array,,
15266,"CAMISETA WALTER HAGEN AZUL DETALHE LARANJA TM XXL",313,simple,publish,360,360,,1,Array,,
15267,"CAMISETA STITCH AZUL LISTRADA TM XL",312,simple,publish,320,320,,1,Array,,
15262,"CAMISETA TRAVIS MATHEW VINHO TM XL",318,simple,publish,420,420,,1,Array,,
15263,"CAMISETA WALTER HAGEN VINHO TM M",317,simple,publish,360,360,,1,Array,,
15260,"CAMISETA VINEYARD VINES LISTRADA TM L",320,simple,publish,320,320,,1,Array,,
15261,"CAMISETA PGATOUR ROSA TM XL",319,simple,publish,290,290,,1,Array,,
15259,"CAMISETA ADIDAS ROSA TM XL",321,simple,publish,390,390,,1,Array,,
15256,"tee branco grande de plástico com 10 unidades",0000376,simple,publish,15,15,,1,Array,,
15257,"CAMISETA NIKE AMARELA TM S",323,simple,publish,380,380,,1,Array,,
15258,"CAMISETA VINEYARD VINES ROSA ESTAMPADA TM L",322,simple,publish,360,360,,1,Array,,
15252,"CHINELO COSTÃO",326,simple,publish,140,140,,1,Array,,
15253,"OCULOS A99 GOLF",325,simple,publish,350,350,,1,Array,,
15254,"RELOGIO ION EDGE",324,simple,publish,1350,1350,,1,Array,,
15255,"tee branco misto de plástico  ( grande e médio) com 10 unidades",0000377,simple,publish,20,20,,1,Array,,
15249,"luva FJ hiperflx masculina large L (mão esquerda)",0000380,simple,publish,240,240,,1,Array,,
15250,"calça greg norman azul marinho masculina 30x32",0000379,simple,publish,520,520,,1,Array,,
15251,"tee madeira pequeno com 10 unidades",0000378,simple,publish,10,10,,1,Array,,
15246,"luva FJ hiperflx masculina X-LG (mão esquerda )",0000383,simple,publish,240,240,,1,Array,,
15247,"luva FJ hiperflx masculina medium M ( mão esquerda)",0000382,simple,publish,240,240,,1,Array,,
15248,"luva FJ hiperflx masculina medium large ML (mão esquerda )",0000381,simple,publish,240,240,,1,Array,,
15244,"cinto branco e azul masculino Arnold Palmer tamanho 38",0000385,simple,publish,360,360,,1,Array,,
15245,"cinto marrom masculino Arnold Palmer tamanho 38",0000384,simple,publish,360,360,,1,Array,,
15243,"tênis Nike Air Zoom com logo prata e dourado  numeração 4,5",0000386,simple,publish,1250,1250,,1,Array,,
15240,"cinto masculino Greg Norman tamanho 32",0000389,simple,publish,340,340,,1,Array,,
15241,"cinto azul marinho Greg Norman tamanho 44",0000388,simple,publish,360,360,,1,Array,,
15237,"MARCADOR ESTILO CANIVETE",327,simple,publish,80,80,,1,Array,,
15238,"óculos sol Tour Gear Gloss 5 lentes",0000391,simple,publish,680,680,,1,Array,,
15239,"cinto Nike 3x1  cores preto/verde/azul marinho ( serve ate tamanho 42)",0000390,simple,publish,320,320,,1,Array,,
15234,"bone MAXFLI preto com logo vermelho",0000394,simple,publish,199,199,,1,Array,,
15235,"boné MAXFLI preto com logo branco",0000393,simple,publish,199,199,,1,Array,,
15236,"Boné titleist cinza com bordado branco",0000392,simple,publish,390,390,,1,Array,,
15231,"LUVA FJ HYPERFLX TM MED LG",328,simple,publish,240,240,,1,Array,,
15232,"bone MAXFLI cinza claro com logo vermelho",0000396,simple,publish,199,199,,1,Array,,
15233,"bone MAXFLI branco com logo vermelho",0000395,simple,publish,199,199,,1,Array,,
15227,"SHORT WALTER HAGEN TM 5 BRANCO",332,simple,publish,380,380,,1,Array,,
15228,"BAG TITLEIST STAND",331,simple,publish,2350,2350,,1,Array,,
15229,"LUVA FJ HYPERFLX TM MEDIUM",330,simple,publish,240,240,,1,Array,,
15230,"LUVA BRIDGESTONE GOLF  TM ML",329,simple,publish,180,180,,1,Array,,
15225,"bone Srixon branco com logo redondo vermelho/branco /azul",0000397,simple,publish,360,360,,1,Array,,
15226,"ÓCULOS TG C/ 4 LENTES",333,simple,publish,680,680,,1,Array,,
15222,"bolsa  de tacos tiltleist azul/vermelho/branco",0000400,simple,publish,2450,2450,,1,Array,,
15223,"chapéu tiltleist cinza com aba",0000399,simple,publish,480,480,,1,Array,,
15224,"bone Srixon azul com estampa amarela",0000398,simple,publish,360,360,,1,Array,,
15219,"caixa de bola completa tiltleist Pro V1X",0000403,simple,publish,480,480,,1,Array,,
15220,"guarda chuva tiltleist preto",0000402,simple,publish,790,790,,1,Array,,
15221,"bolsa cart bag tiltleist azul marinho",0000401,simple,publish,2350,2350,,1,Array,,
15215,"CAIXA COMPLETA CALLAWAY SUPERSOFT ROSA",334,simple,publish,320,320,,1,Array,,
15216,"Trio de bolas Titleist  Pro V1 embalagem preta",0000406,simple,publish,150,150,,1,Array,,
15217,"caixa de bola completa Tiltleist Pro V1 embalagem preta",0000405,simple,publish,480,480,,1,Array,,
15218,"trio de bola Tiltleist  embalagem prata",0000404,simple,publish,150,150,,1,Array,,
15212,"CAIXA COMPLETA CALLAWAY SUPERSOFT LARANJA",337,simple,publish,320,320,,1,Array,,
15213,"LUVA FJ WEATHERSOF TM MED. LG",336,simple,publish,180,180,,1,Array,,
15210,"CAIXA COMPLETA CALLAWAY WARBIRD DISTANCE+",339,simple,publish,350,350,,1,Array,,
15211,"TRIO DE BOLA CALLAWAY SUPERSOFT LARANJA",338,simple,publish,90,90,,1,Array,,
15209,"TRIO DE BOLAS CALLAWAY WARBIRD DISTANCE+",340,simple,publish,100,100,,1,Array,,
15206,"CAIXA COMPLETA TAYLORMADE",343,simple,publish,350,350,,1,Array,,
15207,"TRIO DE BOLAS CALLAWAY SUPERSOFT",342,simple,publish,90,90,,1,Array,,
15208,"CAIXA COMPLETA CALLAWAY SUPERSOFT",341,simple,publish,320,320,,1,Array,,
15203,"CAIXA COMPLETA BRIDSTONE",346,simple,publish,290,290,,1,Array,,
15204,"CAIXA COMPLETA TITLEIST",345,simple,publish,320,320,,1,Array,,
15205,"TRIO DE BOLAS TAYLORMADE",344,simple,publish,100,100,,1,Array,,
15200,"CAIXA COMPLETA TISLEIST PRO V1X",349,simple,publish,480,480,,1,Array,,
15201,"TRIO DE BOLAS TISLEIST PRO V1",348,simple,publish,150,150,,1,Array,,
15202,"CAIXA COMPLETA TISLEIST PRO V1",347,simple,publish,480,480,,1,Array,,
15198,"LUVA BRIDGESTONE GROVE TM M",351,simple,publish,220,220,,1,Array,,
15199,"TRIO DE BOLAS TISLEIST PRO V1X",350,simple,publish,150,150,,1,Array,,
15196,"TÊNIS FJ BRANCO C/ ROSA TM 7",353,simple,publish,1350,1350,,1,Array,,
15197,"TÊNIS FJ BRANCO C/ ONÇINHA TM 7 1/2",355,simple,publish,1350,1350,,1,Array,,
15195,"TÊNIS ADIDAS BRANCO C/ AZUL TM 11 1/2",356,simple,publish,1250,1250,,1,Array,,
15194,"TÊNIS NIKE C/ DOURADO TM 4",359,simple,publish,1250,1250,,1,Array,,
15191,"BONÉ MAXFLI PRETO",364,simple,publish,199,199,,1,Array,,
15192,"BONÉ MAXFLI BRANCO",363,simple,publish,199,199,,1,Array,,
15193,"TÊNIS NIKE CINZA C/ AMARELO TM 6",362,simple,publish,890,890,,1,Array,,
15188,"BONÉ TITLEIST CINZA C/ ESCRITA BRANCA",367,simple,publish,390,390,,1,Array,,
15189,"BONÉ FJ LOGO BRANCA",366,simple,publish,390,390,,1,Array,,
15190,"BONÉ MAXFLI CINZA",365,simple,publish,199,199,,1,Array,,
15185,"bolsa de tacos Titleist preta",0000407,simple,publish,2450,2450,,1,Array,,
15186,"LUVA FJ HYPERFLX TM LARGE",369,simple,publish,240,240,,1,Array,,
15182,"CAMISETA TRAVIS MATHEW VINHO TM L",372,simple,publish,420,420,,1,Array,,
15183,"CAMISA POLO TRAVIS MATHEW CINZA LISA TM XL",371,simple,publish,420,420,,1,Array,,
15184,"CAMISA POLO TRAVIS MATHEW CINZA LISA TM XXL",370,simple,publish,420,420,,1,Array,,
15179,"BERMUDA WALTER HAGEN VERDE TM 42",375,simple,publish,420,420,,1,Array,,
15180,"BLUSA FJ AZUL MARINHO FEMININA TM M",374,simple,publish,560,560,,1,Array,,
15181,"CAMISA POLO TRAVIS MATHEW VERMELHA",373,simple,publish,420,420,,1,Array,,
15177,"BERMUDA GREG NORMAN CINZA CLARA TM 36",377,simple,publish,420,420,,1,Array,,
15178,"BERMUDA CALLAWAY CINZA CLARA LISTRADA TM 40",376,simple,publish,420,420,,1,Array,,
15176,"BERMUDA ADIDAS BEGE TM 38",378,simple,publish,460,460,,1,Array,,
15173,"LUVA WINTER GOLF GLOVES TM XL",382,simple,publish,260,260,,1,Array,,
15174,"VESTIDO ADIDAS NUDE TM XS",381,simple,publish,780,780,,1,Array,,
15175,"BERMUDA WALTER HAGEN PINK TM 36",379,simple,publish,420,420,,1,Array,,
15170,"CAMISA POLO VINEYARD VINES BRANCA TM M",385,simple,publish,360,360,,1,Array,,
15171,"LUVA TAYLORMADE TOUR PREFERRED  TM LH-L",384,simple,publish,220,220,,1,Array,,
15172,"LUVA TAYLORMADE STRATUS COLD TM ML",383,simple,publish,360,360,,1,Array,,
15167,"LUVA CALLAWAY X JUNIOR",388,simple,publish,140,140,,1,Array,,
15168,"LUVA BRIDGESTONE GLOVE TM M",387,simple,publish,220,220,,1,Array,,
15164,"LUVA FJ WEATHERSOFT TM LARGE",391,simple,publish,180,180,,1,Array,,
15165,"LUVA BRIDGESTONE TOUR PREMIUM TM S",390,simple,publish,220,220,,1,Array,,
15166,"LUVA U.S KIDS GOLF TM L",389,simple,publish,140,140,,1,Array,,
15161,"LUVA BRIDGESTONE GOLF TM M",394,simple,publish,180,180,,1,Array,,
15162,"LUVA FJ STASOF TM X-LG",393,simple,publish,220,220,,1,Array,,
15163,"LUVA FJ WEATHERSOFT TM MED-LG",392,simple,publish,180,180,,1,Array,,
15160,"LUVA HYPERFLX TM LARGER",395,simple,publish,240,240,,1,Array,,
15158,"CINTO WALTER HAGEN CINZA",397,simple,publish,340,340,,1,Array,,
15159,"LUVA FJ HYPERFLX TM MEDIUM LG",396,simple,publish,240,240,,1,Array,,
15155,"GRIP LAB GOLF N° 2",400,simple,publish,350,350,,1,Array,,
15156,"CINTO ARNOLD PALMER PRETO TM 38",399,simple,publish,380,380,,1,Array,,
15157,"CINTO ARNOLD PALMER BRANCO E PRETO TM 38",398,simple,publish,380,380,,1,Array,,
15152,"CAMISETA VINEYARD VINES AZUL PISCINA TM L",403,simple,publish,360,360,,1,Array,,
15153,"CAMISETA VINEYARD VINES AZUL PISCINA TM M",402,simple,publish,360,360,,1,Array,,
15154,"CAMISA POLO WALTER HAGEN  VERDE ESTAMPADA TM L",401,simple,publish,360,360,,1,Array,,
15150,"CAMISETA POLO ADIDAS AMARELA TM S",406,simple,publish,380,380,,1,Array,,
15151,"REGATA G/ FORE AZUL MARINHO TM S",405,simple,publish,560,560,,1,Array,,
15148,"REGATA PETER MILAR CINZA TM S",408,simple,publish,480,480,,1,Array,,
15149,"REGATA TAIL WHITE LABEL PRETA TM S",407,simple,publish,420,420,,1,Array,,
15145,"SHORTS SAIA DSG TM L",412,simple,publish,320,320,,1,Array,,
15146,"SHORTS SAIA DSG TM S",411,simple,publish,320,320,,1,Array,,
15147,"SHORTS SAIA CALLAWAY PRETA TM XS",410,simple,publish,320,320,,1,Array,,
15144,"SHORTS SAIA LADY HAGEN FLORAL TM 4",414,simple,publish,420,420,,1,Array,,
15143,"gatorade tangerina",0000408,simple,publish,12,12,,1,Array,,
15139,"BERMUDA CALLAWAY TM 36 CINCA CLARO",418,simple,publish,420,420,,1,Array,,
15140,"VISEIRA ADIDAS PRETA",417,simple,publish,390,390,,1,Array,,
15141,"BONÉ TITLEIST VERDE",416,simple,publish,390,390,,1,Array,,
15142,"VISEIRA ADIDAS AZUL MARINHO",415,simple,publish,320,320,,1,Array,,
15136,"TÊNIS ADIDAS BRANCO C/ VERDE TM 11 1/2",421,simple,publish,1250,1250,,1,Array,,
15137,"LUVA TAYLORMADE TPFLEX TM S",420,simple,publish,240,240,,1,Array,,
15138,"BERMUDA ADIDAS TM 28 CREME",419,simple,publish,420,420,,1,Array,,
15134,"LUVA KIRLAND TM S LADO ESQUERDO",423,simple,publish,130,130,,1,Array,,
15135,"LUVA KIRLAND TM S LADO DIREITO",422,simple,publish,130,130,,1,Array,,
15131,"REGATA ADIDAS VINHO TM XS",426,simple,publish,320,320,,1,Array,,
15132,"TENIS FJ ROSA E BRANCO TM 6",425,simple,publish,1350,1350,,1,Array,,
15133,"TÊNIS NIKE NUDE TM 7.5",424,simple,publish,1250,1250,,1,Array,,
15128,"camisa polo azul escuro  Penguin M",0000410,simple,publish,430,430,,1,Array,,
15129,"camisa polo azul escuro Penguin L",0000409,simple,publish,430,430,,1,Array,,
15130,"TÊNIS NIKE NUDE TM 8.5",427,simple,publish,1250,1250,,1,Array,,
15125,"camisa polo branca Penguin M",0000413,simple,publish,430,430,,1,Array,,
15126,"camisa polo branca Penguin P",0000412,simple,publish,430,430,,1,Array,,
15127,"camisa polo azul escuro  Penguin P",0000411,simple,publish,430,430,,1,Array,,
15122,"camisa polo preta  Penguin M",0000416,simple,publish,380,380,,1,Array,,
15123,"camisa polo preta Penguin L",0000415,simple,publish,380,380,,1,Array,,
15124,"camisa polo branca Penguin G",0000414,simple,publish,430,430,,1,Array,,
15119,"camisa polo vinho bordo   Penguin M",0000419,simple,publish,520,520,,1,Array,,
15120,"camisa polo vinho bordo Penguin  P",0000418,simple,publish,520,520,,1,Array,,
15121,"camisa polo preta Penguin P",0000417,simple,publish,380,380,,1,Array,,
15116,"camisa polo verde escuro Penguin M",0000422,simple,publish,520,520,,1,Array,,
15117,"camisa polo verde escuro Penguin S",0000421,simple,publish,520,520,,1,Array,,
15118,"camisa polo vinho bordo  Penguin L/G",0000420,simple,publish,520,520,,1,Array,,
15113,"camisa polo  verde escuro- branco gola Penguin G",0000425,simple,publish,480,480,,1,Array,,
15114,"camisa polo verde escuro-branco na gola Penguin M",0000424,simple,publish,480,480,,1,Array,,
15115,"camisa polo verde escuro  Penguin L/G",0000423,simple,publish,520,520,,1,Array,,
15112,"picole chocolate dubai",0000426,simple,publish,23,23,,1,Array,,
15111,"picole speculoos recheado com biscoito",0000427,simple,publish,20,20,,1,Array,,
15110,"Cerveja Corona Extra",0000428,simple,publish,14,14,,1,Array,,
15109,"camisa polo masculina Vineyard Vine  com listras finas preto/branco M",0000448,simple,publish,360,360,,1,Array,,
15106,"bolsa de tacos  Callaway Chaser preta",0000451,simple,publish,2450,2450,,1,Array,,
15107,"bolsa de tacos Callaway  azul/branco",0000450,simple,publish,2450,2450,,1,Array,,
15108,"camisa polo masculina Vineyard Vine  com listras finas preto/branco L",0000449,simple,publish,360,360,,1,Array,,
15103,"camisa polo masculina Vineyard Vine  branca com listras  grossa vermelha L",0000454,simple,publish,360,360,,1,Array,,
15104,"camisa polo masculina Vineyard Vine  branca com listras azul/vermelho XL",0000453,simple,publish,360,360,,1,Array,,
15105,"camisa polo masculina Vineyard Vines com listras finas vermelho /branco L",0000452,simple,publish,360,360,,1,Array,,
15100,"tênis FJ Footjoy Pro/SLX branco com  solado detalhes em azul  TM 10",0000457,simple,publish,1650,1650,,1,Array,,
15101,"Whey pro force cacau",0000456,simple,publish,15,15,,1,Array,,
15102,"Whey pro force milky moo mimosa",0000455,simple,publish,15,15,,1,Array,,
15096,"tênis FJ FootJoy StratoLite cinza e preto TM10",0000461,simple,publish,1250,1250,,1,Array,,
15097,"tenis FJ Footjoy  Flex XP  cinza com detalhes azul marinho e solado em vermelho TM 9 1/2",0000460,simple,publish,1250,1250,,1,Array,,
15098,"tênis FJ Footjoy Pro/SLX preto com solado detalhes em vermelho  TM 10",0000459,simple,publish,1650,1650,,1,Array,,
15099,"tênis FJ Footjoy Pro/SLX preto com solado detalhes em vermelho  TM 13",0000458,simple,publish,1650,1650,,1,Array,,
15093,"tênis FJ Footjoy Pro/SLX preto com solado detalhes em vermelho  TM 10 1/2",0000464,simple,publish,1650,1650,,1,Array,,
15094,"tênis FJ Footjoy Pro/SLX preto com solado detalhes em vermelho  TM 11",0000463,simple,publish,1650,1650,,1,Array,,
15095,"tênis FJ FootJoy preto com solado em vermelho/ branco TM 8",0000462,simple,publish,1250,1250,,1,Array,,
15090,"tenis Nike DQ6164  Victory G Lite cinza claro com logo verde TM 10,5",0000467,simple,publish,980,980,,1,Array,,
15091,"tenis FJ Footjoy  SuperLites XP azul com vermelho TM 10",0000466,simple,publish,1350,1350,,1,Array,,
15087,"tênis Puma Sllip-on  verde Tustin feminino TM 6,5.",0000470,simple,publish,890,890,,1,Array,,
15088,"tênis Slip-one Puma metallic pink  Tustin L feminino  TM 6",0000469,simple,publish,890,890,,1,Array,,
15089,"tenis Adidas Retrocross GV6911 branco TM 8",0000468,simple,publish,1150,1150,,1,Array,,
15084,"tênis  Nike  Air Zoom Infinity  Tour  branco/verde TM 10,5",0000473,simple,publish,1650,1650,,1,Array,,
15085,"tênis FJ Footjoy Pro/SLX branco com  solado detalhes em azul  TM 12",0000472,simple,publish,1650,1650,,1,Array,,
15086,"tênis FJ Footjoy Pro/SLX branco com  solado detalhes em azul  TM 11 1/2",0000471,simple,publish,1650,1650,,1,Array,,
15080,"tênis Adidas Retrocross  branco com detalhes azul /vermelho  feminino  TM 7",0000477,simple,publish,1390,1390,,1,Array,,
15081,"tênis FJ Footjoy ProLite preto/cinza TM 10",0000476,simple,publish,1150,1150,,1,Array,,
15082,"tênis  FJ Footjoy Flex Spikeless azul marinho/cinza e branco TM 9",0000475,simple,publish,1250,1250,,1,Array,,
15083,"tênis Adidas Solarmotion Spikeless cor preto/verde TM 12",0000474,simple,publish,1250,1250,,1,Array,,
15079,"bermuda Lady Hagen  feminino azul marinho S",0000478,simple,publish,380,380,,1,Array,,
15078,"repelente OFF  FAMILY creme  100 ml",0000479,simple,publish,50,50,,1,Array,,
15076,"calça Walter Hagen  marrom mescla W34",0000481,simple,publish,480,480,,1,Array,,
15077,"repelente OFF FAMILY spray 170 ml",0000480,simple,publish,60,60,,1,Array,,
15074,"shorts Adidas preto  masculino TM 36",0000483,simple,publish,460,460,,1,Array,,
15075,"shorts masculino Callaway preto TM 34",0000482,simple,publish,420,420,,1,Array,,
15072,"polo Ralph Lauren branca com listras azul/verde TM S",0000485,simple,publish,480,480,,1,Array,,
15073,"calça Greg Norman azul marinho  masculina TM 34X34",0000484,simple,publish,520,520,,1,Array,,
15069,"BOLSA TITLEIST PLAYERS 5",428,simple,publish,2450,2450,,1,Array,,
15070,"calça Greg Norman  azul marinho TM 32X34",0000487,simple,publish,520,520,,1,Array,,
15071,"tenis FJ Flex branco com detalhes verde TM 9 1/2",0000486,simple,publish,1250,1250,,1,Array,,
15066,"luva Kirkland  M ( mão direta )",0000489,simple,publish,130,130,,1,Array,,
15067,"luva FJ Hyperflx  mão esquerda masculina XX-LG",0000488,simple,publish,240,240,,1,Array,,
15063,"polo Walter Hagen com estampa de pássaros  TM S",0000492,simple,publish,420,420,,1,Array,,
15064,"polo Nike verde com botões pretos TM S",0000491,simple,publish,420,420,,1,Array,,
15065,"polo FJ  masculina cinza TM S",0000490,simple,publish,520,520,,1,Array,,
15062,"regata feminina Cegolfs roxa com estampa floral TM S",0000493,simple,publish,380,380,,1,Array,,
15059,"polo Walter Hagen com listras finas verde TM S",0000496,simple,publish,420,420,,1,Array,,
15060,"short saia feminino Walter Hagen estampada TM S",0000495,simple,publish,420,420,,1,Array,,
15061,"blusa feminina Cegolfs roxa com estampa floral TM S",0000494,simple,publish,380,380,,1,Array,,
15057,"corta vento  masculino  Adidas azul  TM L",0000498,simple,publish,720,720,,1,Array,,
15058,"polo Walter Hagen branca estampada em cinza  ( gola cinza ) TM S",0000497,simple,publish,420,420,,1,Array,,
15053,"shorts masculino Walter Hagen azul com pássaros brancos TM W32",0000502,simple,publish,420,420,,1,Array,,
15054,"corta vento masculino azul com amarelo  Columbia TM XXL",0000501,simple,publish,780,780,,1,Array,,
15055,"corta vento masculino laranja com cinza Columbia TM XL",0000500,simple,publish,780,780,,1,Array,,
15056,"corta vento masculino roxo com amarelo Columbia TM L",0000499,simple,publish,780,780,,1,Array,,
15050,"shorts masculino laranja Puma TM XL",0000505,simple,publish,480,480,,1,Array,,
15051,"shorts masculino Walter Hagen azul com pássaros brancos TM W40",0000504,simple,publish,420,420,,1,Array,,
15052,"shorts masculino Walter Hagen azul com pássaros brancos TM W35",0000503,simple,publish,420,420,,1,Array,,
15047,"corta vento masculino vermelha Adidas TM M",0000508,simple,publish,780,780,,1,Array,,
15048,"corta vento masculino azul Adidas Team RDY  TM M",0000507,simple,publish,620,620,,1,Array,,
15049,"shorts masculino Walter Hagen verde claro TM W30",00000506,simple,publish,420,420,,1,Array,,
15046,"blusa masculino azul marinho Under Armour  TM M",0000509,simple,publish,620,620,,1,,,
15044,"polo masculina Walter Hagen cor salmon TM S",0000511,simple,publish,420,420,,1,Array,,
15045,"blusa masculina preto com azul Under Armour TM S",0000510,simple,publish,720,720,,1,Array,,
15041,"polo masculina Walter Hagen clube house vintage TM S",0000514,simple,publish,420,420,,1,Array,,
15042,"polo masculina Walter Hagen cor verde limão/cinza/azul marinho  TM S",0000513,simple,publish,420,420,,1,Array,,
15043,"polo masculina FJ  azul marinho  com detalhe de listras azul claro/branco  TM S",0000512,simple,publish,520,520,,1,Array,,
15038,"blusa feminina Greg Norman lavanda com estampa de beija- flor TM XS",0000517,simple,publish,380,380,,1,Array,,
15039,"polo masculina Greg Norman cinza TM M",0000516,simple,publish,420,420,,1,Array,,
15040,"polo masculina Greg Norman  com estampa listrada em tons de roxo, pink e branco TM M",0000515,simple,publish,420,420,,1,Array,,
15034,"polo masculina Greg Norman azul mescla  TM M",0000521,simple,publish,380,380,,1,Array,,
15035,"polo masculina Greg Norman cinza mescla com botões pretos  TM M",0000520,simple,publish,380,380,,1,Array,,
15036,"polo masculina Walter Hagen  azul marinho com estampa  temática de tacos de golfe  TM S",0000519,simple,publish,420,420,,1,Array,,
15037,"polo masculina FJ vermelha  clássica  TM S",0000518,simple,publish,520,520,,1,Array,,
15031,"corta vento masculina preta Nike Golf com o logotipo do Lake Coutry Club TM M",0000524,simple,publish,580,580,,1,Array,,
15032,"blusa de moletom  FJ  cor lavanda com gola alta TM M",0000523,simple,publish,520,520,,1,Array,,
15033,"tênis Nike Victory G Lite NN cor cinza TM 10",0000522,simple,publish,980,980,,1,,,
15030,"jaqueta feminina Nike Tech Fleece Crop branca com cinza  TM S",0000525,simple,publish,620,620,,1,Array,,
15028,"capa protetora de tacos MAXFLI rosa com cinza Numero 1",0000527,simple,publish,159,159,,1,Array,,
15029,"corta vento masculino branca  Nike TM S",0000526,simple,publish,780,780,,1,Array,,
15024,"luva FJ contour flx masculina mediun large ML ( mao esquerda)",0000531,simple,publish,240,240,,1,Array,,
15025,"luva FJ hiperflx masculina Small ( mão esquerda)",0000530,simple,publish,240,240,,1,Array,,
15026,"capa protetora de tacos MAXFLI  estampa bandeira americana  Numero 3",0000529,simple,publish,139,139,,1,Array,,
15027,"capa protetora de tacos MAXFLI rosa com cinza Numero 3",0000528,simple,publish,139,139,,1,Array,,
15022,"boné Titleist pro v1 preto",0000533,simple,publish,390,390,,1,Array,,
15023,"calça feminina Lady Hagen  tradicional preta TM 10",0000532,simple,publish,480,480,,1,Array,,
15021,"regata Puma vermelha com detalhe preto na gola TM S",0000534,simple,publish,420,420,,1,Array,,
15002,"viseira preta adidas logo branco",0000367,simple,publish,320,320,,1,Array,,
14983,"SHORT SAIA LADY HAGEN AZUL TM M",272,simple,publish,380,380,,1,Array,,
14956,"REGATA GREG NOMAN ESTAMPADA AZUL  E VERMELHO TM S/P",303,simple,publish,320,320,,1,Array,,
14945,"CAMISETA WALTER HAGEN VERDE LISTRADA TM S",316,simple,publish,320,320,,1,Array,,
14923,"tenis Fj Footjoy Pro SLX preto e vermelho 9 1/2",0000387,simple,publish,1350,1350,,1,Array,,
14895,"PACOTE DE BOLINHA USADA 200,00",335,simple,publish,200,200,,1,Array,,
14851,"LUVA BRIDGESTONE SOFT GRIP TM XL",386,simple,publish,180,180,,1,Array,,
14774,"tênis Adidas ZG21 Motion Primegreen feminino  branco e verde TM 9",0000465,simple,publish,1150,1150,,1,Array,,
14750,"BOLSA TITLEIST PLAYERS 4",429,simple,publish,2450,2450,,1,Array,,
14715,"BLUSA NIKE LILÁS TM XXL",231,simple,publish,520,520,,1,Array,,
14716,"BLUSA FJ VERMELHA TM M",230,simple,publish,620,620,,1,Array,,
14712,"BLUSA NIKE PRETA TM M",234,simple,publish,380,380,,1,Array,,
14713,"BLUSA FJ AZUL TM M",233,simple,publish,580,580,,1,Array,,
14714,"BLUSA GREG NORMAN AZUL TM S/P",232,simple,publish,380,380,,1,Array,,
14711,"BLUSA GREG NORMAN PRETA C/ ONÇA  TM S/P",235,simple,publish,380,380,,1,Array,,
14570,"BONÉ TITLEIST TRICOLOR",368,simple,publish,390,390,,1,Array,,
14203,"BONÉ TITLEIST PRETO LOGO CINZA",175,simple,publish,240,240,,1,Array,,
14204,"BONÉ TITLEIST AZUL CLARO LOGO BRANCA",174,simple,publish,240,240,,1,Array,,
14205,"TÊNIS PUMA BRANCO TM 5.5",173,simple,publish,950,950,,1,,,
14200,"BONÉ ADIDAS VERDE",178,simple,publish,250,250,,1,Array,,
14201,"BONÉ TITLEIST PRETO ESCRITA BRANCA",177,simple,publish,390,390,,1,Array,,
14202,"BONÉ TITLEIST CINZA ESCRITA PRETA",176,simple,publish,390,390,,1,Array,,
14199,"BONÉ TITLEIST BRANCO E VERDE",179,simple,publish,240,240,,1,Array,,
14198,"BONÉ TITLEIST BRANCO LOGO VERDE",180,simple,publish,320,320,,1,Array,,
14195,"BONÉ PUMA VERDE",183,simple,publish,220,220,,1,Array,,
14196,"BONÉ TITLEIST AZUL CLARO ESCRITA BRANCA",182,simple,publish,390,390,,1,Array,,
14197,"BONÉ TITLEIST PRETO ESCRITA CINZA",181,simple,publish,420,420,,1,Array,,
14192,"REGATA COSTÃO VERDE TM GG",199,simple,publish,140,140,,1,Array,,
14193,"REGATA COSTÃO VERDE TM G",198,simple,publish,140,140,,1,Array,,
14194,"BONÉ COSTÃO BRANCO",197,simple,publish,140,140,,1,Array,,
14189,"REGATA COSTÃO ROSA TM P",202,simple,publish,140,140,,1,Array,,
14190,"REGATA COSTÃO VERDE TM XGG",201,simple,publish,140,140,,1,Array,,
14191,"REGATA COSTÃO VERDE TM XG",200,simple,publish,140,140,,1,Array,,
14186,"REGATA COSTÃO ROSA TM GG",205,simple,publish,140,140,,1,Array,,
14187,"REGATA COSTÃO ROSA TM G",204,simple,publish,140,140,,1,Array,,
14188,"REGATA COSTÃO ROSA TM M",203,simple,publish,140,140,,1,Array,,
14183,"CAMISETA COSTÃO ROXA TM G",208,simple,publish,140,140,,1,Array,,
14184,"CAMISETA COSTÃO ROXA TM M",207,simple,publish,140,140,,1,,,
14185,"CAMISETA COSTÃO ROXA TM P",206,simple,publish,140,140,,1,Array,,
14182,"POLO ROSA CLARA TM G",209,simple,publish,140,140,,1,Array,,
14179,"POLO COSTÃO PRETA TM G",212,simple,publish,140,140,,1,Array,,
14180,"POLO COSTÃO PRETA TM M",211,simple,publish,140,140,,1,Array,,
14181,"POLO COSTÃO BRANCA E PRETA FEMININA",210,simple,publish,140,140,,1,Array,,
14176,"CAMISETA COSTÃO AZUL MARINHO TM XL",215,simple,publish,360,360,,1,Array,,
14177,"CAMISETA COSTÃO BRANCA GOLA VERDE TM XGG",214,simple,publish,140,140,,1,Array,,
14178,"POLO COSTÃO PRETA TM P",213,simple,publish,140,140,,1,Array,,
14173,"Whey pro force chocolate",0000356,simple,publish,15,15,,1,Array,,
14174,"gatorade morango e maracujá",0000355,simple,publish,12,12,,1,Array,,
14175,"SHORTS SAIA COSTÃO TM P PRETA",217,simple,publish,280,280,,1,Array,,
14170,"luva soft grip  masculina  medium large ( mão esquerda )",0000359,simple,publish,180,180,,1,Array,,
14171,"bombom ouro branco",0000358,simple,publish,3,3,,1,Array,,
14172,"Whey pro force pasta de amendoim",0000357,simple,publish,15,15,,1,Array,,
14167,"luva Bridgestone golf masculina medium M ( mão direita )",0000362,simple,publish,180,180,,1,Array,,
14168,"luva weathersof masculina large L ( mão direita)",0000361,simple,publish,180,180,,1,Array,,
14169,"luva soft grip  masculina  small  S ( mão esquerda )",0000360,simple,publish,180,180,,1,,,
14164,"CAMISETA COSTÃO GOLF AZUL TM M",219,simple,publish,140,140,,1,Array,,
14165,"CAMISETA COSTÃO GOLF AZUL TM P",218,simple,publish,140,140,,1,Array,,
14166,"luva rain grip  masculina cadet medium (1 par) luva de chuva",0000363,simple,publish,360,360,,1,Array,,
14160,"CAMISETA COSTÃO GOLF CINZA TM M",223,simple,publish,140,140,,1,Array,,
14161,"CAMISETA COSTÃO GOLF CINZA TM P",222,simple,publish,140,140,,1,Array,,
14162,"CAMISETA COSTÃO GOLF AZUL TM GG",221,simple,publish,140,140,,1,Array,,
14163,"CAMISETA COSTÃO GOLF AZUL TM G",220,simple,publish,140,140,,1,Array,,
14157,"CHAVEIRO TEMATICO MINI GOLF",226,simple,publish,70,70,,1,Array,,
14158,"CAMISETA COSTÃO GOLF CINZA TM GG",225,simple,publish,140,140,,1,Array,,
14159,"CAMISETA COSTÃO GOLF CINZA TM G",224,simple,publish,140,140,,1,Array,,
14154,"CONTADOR MANUAL",229,simple,publish,80,80,,1,Array,,
14155,"CHAVEIRO DOURADO",228,simple,publish,120,120,,1,Array,,
14152,"luva e-glove  masculina medium M (mão direita )",0000365,simple,publish,220,220,,1,Array,,
14153,"luva ping masculina medium large ML  (mão direita)",0000364,simple,publish,220,220,,1,Array,,
13862,"BLUSA COLUMBIA SURF CINZA TM M",242,simple,publish,520,520,,1,Array,,http://localhost/htdocs/pontodogolfe/wp-content/uploads/2025/11/91gwKUrxIQL._AC_SL1500_.jpg
13863,"BLUSA VINEYARD VINES ROSA TM XL",241,simple,publish,490,490,,1,Array,,http://localhost/htdocs/pontodogolfe/wp-content/uploads/2025/11/IMG-20251019-WA0064.jpg
13859,"BLUSA UNDER ARMOUR PRETA TM XL",245,simple,publish,480,480,,1,Array,,http://localhost/htdocs/pontodogolfe/wp-content/uploads/2025/11/61nJLHgIQxL._AC_SX522_.jpg
13860,"BLUSA NIKE CINZA TM XXL",244,simple,publish,350,350,,1,Array,,http://localhost/htdocs/pontodogolfe/wp-content/uploads/2025/11/image.jpg
13861,"BLUSA COLUMBIA SURF LARANJA TM 2XL",243,simple,publish,560,560,,1,Array,,http://localhost/htdocs/pontodogolfe/wp-content/uploads/2025/11/81Ct2xUSuRL._AC_SY550_.jpg
13855,"BERMUDA ANTIGUA XADREZ TM 32",249,simple,publish,390,390,,1,Array,,http://localhost/htdocs/pontodogolfe/wp-content/uploads/2025/11/s-l1600-6.webp
13856,"CORTA VENTO PRETO TM GG",248,simple,publish,160,160,,1,Array,,http://localhost/htdocs/pontodogolfe/wp-content/uploads/2025/11/D_NQ_NP_2X_667089-MLB87323003592_072025-F-jaqueta-corta-vento-impermeavel-masculino-liso-blusa-de-frio.webp
13858,"BLUSA STITCH AZUL MARINHO TM XL",246,simple,publish,420,420,,1,Array,,
13852,"BERMUDA WALTER HAGEN ROSA TM 32",252,simple,publish,380,380,,1,Array,,
13853,"BERMUDA CALLAWAY LISTRADA GRAFIT TM",251,simple,publish,380,380,,1,Array,,
13854,"BERMUDA IZOD CINZA TM 34",250,simple,publish,389,389,,1,Array,,
13849,"BERMUDA PGATOUR XADREZ AZUL CLARO TM 40",255,simple,publish,320,320,,1,Array,,
13850,"BERMUDA GREG NORMAN BEGE TM 32",254,simple,publish,380,380,,1,Array,,
13851,"BERMUDA ALPINE CARAMELO TM 32",253,simple,publish,320,320,,1,Array,,
13846,"BERMUDA FEMININA NIKE XADREZ AZUL TM 0",258,simple,publish,390,390,,1,Array,,
13847,"BERMUDA UNDER AMOUR CINZA TM 32",257,simple,publish,360,360,,1,Array,,
13848,"BERMUDA PUMA VINHO TM 28",256,simple,publish,380,380,,1,Array,,
13843,"boné Titleist verde agua",0000368,simple,publish,390,390,,1,Array,,
13842,"boné TaylorMade azul marinho com branco",0000369,simple,publish,320,320,,1,Array,,
13598,"TEE TEMATICO BICHINHOS",227,simple,publish,20,20,,1,Array,,
13310,"Stand Titleist Players 5",,simple,publish,2450,2450,,,Bolsas,,http://localhost/htdocs/pontodogolfe/wp-content/uploads/2025/11/IMG-20251128-WA0029.jpg
13307,"camisa polo masculina Vineyard Vines com listras finas vermelho /branco M",0000429,simple,publish,360,360,,1,Array,,
13306,"camisa polo  masculina Walter Hagen azul  com listras vermelho/preto S/P",0000430,simple,publish,360,360,,1,Array,,
13304,"camisa polo masculina Vineyard Vines  branca S/P",0000432,simple,publish,360,360,,1,Array,,
13303,"camisa polo masculina Vineyard Vines  branca M",0000433,simple,publish,360,360,,1,Array,,
13302,"camisa polo masculina Vineyard Vine  azul claro com listra branca S",0000434,simple,publish,360,360,,1,Array,,
13301,"camisa polo masculina Vineyard Vine  azul claro com listra branca M",0000435,simple,publish,360,360,,1,Array,,
13300,"camisa polo masculina Vineyard Vine  azul claro com listra branca L",0000436,simple,publish,360,360,,1,Array,,
13299,"camisa polo masculina Vineyard Vine  com listras verde S",0000437,simple,publish,360,360,,1,Array,,
13298,"camisa polo masculina Vineyard Vine  branca com listras azu/vermelho S",0000438,simple,publish,360,360,,1,Array,,
13297,"camisa polo masculina Vineyard Vine  branca com listras azul/vermelho M",0000439,simple,publish,360,360,,1,Array,,
13296,"camisa polo masculina Vineyard Vine  branca com listras azul/verde S",0000440,simple,publish,360,360,,1,Array,,
13295,"camisa polo masculina Vineyard Vine  branca com listras azul/verde M",0000441,simple,publish,360,360,,1,Array,,
13294,"camisa polo masculina Vineyard Vine azul com listras azul marinho S",0000442,simple,publish,360,360,,1,Array,,
13293,"camisa polo masculina Vineyard Vine  azul com listras azul marinho M",0000443,simple,publish,360,360,,1,Array,,
13292,"camisa polo masculina Vineyard Vine   com listras  azul/branco S",0000444,simple,publish,360,360,,1,Array,,
13291,"camisa polo masculina Vineyard Vine azul mescla M",0000445,simple,publish,360,360,,1,Array,,
13290,"camisa polo masculina Vineyard Vine  azul mescla L",0000446,simple,publish,360,360,,1,Array,,
13289,"camisa polo masculina Vineyard Vine  com listras finas preto/branco S",0000447,simple,publish,360,360,,1,Array,,
13183,"camisa polo  masculina Walter Hagen azul com listras vermelho/preto M",0000431,simple,publish,360,360,,1,Array,,
12086,"CALÇA ADIDAS BEGE TM 32 x 32",380,simple,publish,480,480,,1,Array,,http://localhost/htdocs/pontodogolfe/wp-content/uploads/2025/11/614UFbmZomL._AC_SX522_.jpg
11174,"TÊNIS ADIDAS BRANCO C/ AZUL TM 9",357,simple,publish,1250,1250,,1,Array,,http://localhost/htdocs/pontodogolfe/wp-content/uploads/2025/11/61MIVX4aGSL._AC_SX625_.jpg
11176,"TÊNIS FJ PRETO C/ ROSA TM 6",354,simple,publish,1350,1350,,1,Array,,http://localhost/htdocs/pontodogolfe/wp-content/uploads/2025/11/s-l960-1.webp
11171,"TÊNIS FJ BRANCO TM 9 1/2",360,simple,publish,1250,1250,,1,Array,,http://localhost/htdocs/pontodogolfe/wp-content/uploads/2025/11/51bLjtgQfIL._AC_SY625_.jpg
10853,"TÊNIS FJ BRANCO C/ ONÇINHA TM 7",352,simple,publish,1350,1350,,1,Array,,http://localhost/htdocs/pontodogolfe/wp-content/uploads/2025/11/71tjeNQC30L._AC_SY500_.jpg
10847,"TÊNIS FJ PRETO TM 8 1/2",358,simple,publish,1350,1350,,1,Array,,http://localhost/htdocs/pontodogolfe/wp-content/uploads/2025/11/footjoy-flex-golf-shoes-black-56287-pair-itempicture-510x510-1.jpg
10759,"CAMISETA ADIDAS AZUL TM XL FEMININA",146,simple,publish,380,380,,1,Array,,
10758,"TÊNIS ADIDAS CINZA E LARANJA TM 5.2",150,simple,publish,980,980,,1,Array,,
10756,TEE,0000353,simple,publish,0,0,,1,Array,,
10757,"TÊNIS ADIDAS PRETO E CINZA TM 9",151,simple,publish,1350,1350,,1,Array,,
10753,"SHORTS SAIA AZUL CLARO TM M",155,simple,publish,180,180,,1,Array,,
10754,"TÊNIS ADIDAS PRETO E CINZA TM 10",154,simple,publish,1350,1350,,1,Array,,
10755,"TÊNIS ADIDAS PRETO E CINZA TM 11 1/2",153,simple,publish,1350,1350,,1,Array,,
10750,"TÊNIS ADIDAS BOA BRANCO TM 14",158,simple,publish,1350,1350,,1,Array,,
10751,"TRIO DE BOLA TITLEIST",157,simple,publish,100,100,,1,Array,,
10752,"SHORTS SAIA PRETA TM M",156,simple,publish,180,180,,1,,,
10747,"BARRA DE CEREAL",000354,simple,publish,4,4,,1,Array,,
10748,"TÊNIS ADIDAS BRANCO E VERDE",160,simple,publish,1350,1350,,1,Array,,
10749,"TÊNIS ADIDAS BOA BRANCO TM 81/2",159,simple,publish,1350,1350,,1,Array,,
10744,"BERMUDA ADIDAS TM 40",163,simple,publish,380,380,,1,Array,,
10745,"TÊNIS ADIDAS BRANCO E LARANJA TM 8",162,simple,publish,1350,1350,,1,Array,,
10746,"TRIO DE BOLAS BRIDGESTONE",161,simple,publish,80,80,,1,Array,,
10743,"TÊNIS FJ CINZA E PRETO TM 7",166,simple,publish,890,890,,1,Array,,
10740,"TÊNIS NIKE BRANCO E VERDE TM 10",169,simple,publish,990,990,,1,Array,,
10741,"TÊNIS FJ INFANTIL ROXO E AMARELO TM 3",168,simple,publish,450,450,,1,Array,,
10742,"TÊNIS ADIDAS BRANCO DETALHE PRETO TM 8 1/2",167,simple,publish,1250,1250,,1,Array,,
10737,"TÊNIS NIKE CINZA E VERDE TM 9",172,simple,publish,1100,1100,,1,Array,,
10738,"TÊNIS ADIDAS BRANCO E AZUL TM 8",171,simple,publish,1350,1350,,1,Array,,
10739,"TÊNIS ADIDAS BRANCO E AZUL TM 10 1/2",170,simple,publish,1350,1350,,1,Array,,
10610,"CAMISETA FJ VERDE TM M",293,simple,publish,520,520,,1,Camisas,,http://localhost/htdocs/pontodogolfe/wp-content/uploads/2025/11/54614b2f-4907-4ddb-8d1a-a93f996e0921.jpg
10159,"BLUSA FJ CINZA TM S",413,simple,publish,620,620,,1,Array,,
9902,"TÊNIS NIKE PRETO C/ VERDE TM 9.5",361,simple,publish,1450,1450,,1,Array,,http://localhost/htdocs/pontodogolfe/wp-content/uploads/2025/11/s-l960.webp
9794,"Short-Saia Esportivo Adidas 3 Listras Roxo Feminino TM XXL",143,simple,publish,330,330,,1,"Shorts Saia",,http://localhost/htdocs/pontodogolfe/wp-content/uploads/2025/11/f304b699-f48b-477d-bf19-2ab6f0ea7750-scaled.jpg
9792,"CAMISETA ADIDAS ROSA LISTRADA TM M",145,simple,publish,360,360,,1,Camisas,,http://localhost/htdocs/pontodogolfe/wp-content/uploads/2025/11/61B7m-vUL._AC_SX522_.jpg
9793,"Polo de Golfe Performance Dual Color – Bordô e Cinza TM S/P",144,simple,publish,390,390,,1,Camisas,,http://localhost/htdocs/pontodogolfe/wp-content/uploads/2025/11/58b1b56b-3938-4864-a592-e673fbaf33cb.jpg
9788,"TÊNIS SKECHERS BRANCO E VERDE TM 7.6",149,simple,publish,950,950,,1,Array,,http://localhost/htdocs/pontodogolfe/wp-content/uploads/2025/11/71r2eyW7CsL._AC_SX575_.jpg
9789,"CAMISETA TRAVIS MATHEW BRANCA TM XL",148,simple,publish,420,420,,1,Array,,http://localhost/htdocs/pontodogolfe/wp-content/uploads/2025/11/4e200048-e994-42b7-af32-a28181c6c7c2.png
9790,"CAMISETA NIKE GOLF AZUL CLARO TM XL",147,simple,publish,370,370,,1,Array,,http://localhost/htdocs/pontodogolfe/wp-content/uploads/2025/11/799f7083-4eb8-46f0-9186-82349cab790f.png
9785,"TÊNIS ADIDAS PRETO E CINZA TM 11",152,simple,publish,1350,1350,,1,Array,,http://localhost/htdocs/pontodogolfe/wp-content/uploads/2025/11/87129c9f-0886-453b-aba0-3447049cedb9.jpg
9435,"BONÉ TITLEIST PRETO LOGO BRANCA",185,simple,publish,320,320,,1,Array,,http://localhost/htdocs/pontodogolfe/wp-content/uploads/2025/11/817EJBQsBqL._AC_SX569_.jpg
9436,"BONÉ PUMA BEGE",184,simple,publish,320,320,,1,Array,,http://localhost/htdocs/pontodogolfe/wp-content/uploads/2025/11/b6815108-a399-4b94-bb39-8c4dd588688c.png
9434,"BONÉ TITLEIST AZUL MARINHO LOGO BRANCA",186,simple,publish,320,320,,1,Array,,http://localhost/htdocs/pontodogolfe/wp-content/uploads/2025/11/71B48JTnKgL._AC_SX522_.jpg
9432,"CHAPÉU TITLEIST BRANCO",188,simple,publish,380,380,,1,Array,,http://localhost/htdocs/pontodogolfe/wp-content/uploads/2025/11/aeff201f-891e-4bc1-97ba-00b71d23b094.png
9433,"BONÉ UNDER ARMOUR ESTAMPADO",187,simple,publish,220,220,,1,Array,,http://localhost/htdocs/pontodogolfe/wp-content/uploads/2025/11/bc10de0e-fd4c-4e41-a6c0-ddd5ea0bb7da.png
9429,"BONÉ ADIDAS BRANCO E VERMELHO",191,simple,publish,240,240,,1,Array,,http://localhost/htdocs/pontodogolfe/wp-content/uploads/2025/11/59d38555-0ab8-4ac7-b5e0-43bb040542c0.jpg
9430,"CHAPÉU PRETO NIKE",190,simple,publish,380,380,,1,Array,,http://localhost/htdocs/pontodogolfe/wp-content/uploads/2025/11/3d855fd5-206f-423f-a672-53d988738db8.png
9431,"CHAPÉU ADIDAS CINZA",189,simple,publish,380,380,,1,Array,,http://localhost/htdocs/pontodogolfe/wp-content/uploads/2025/11/71uKBgj6FPL._AC_SX522_.jpg
9427,"VISEIRA UNDER ARMOUR PRETA",193,simple,publish,260,260,,1,Array,,http://localhost/htdocs/pontodogolfe/wp-content/uploads/2025/11/1376707-001-02.webp
9428,"VISEIRA UNDER ARMOUR BRANCA",192,simple,publish,260,260,,1,Array,,http://localhost/htdocs/pontodogolfe/wp-content/uploads/2025/11/41aoUJtH9NL._AC_SX522_.jpg
9425,"VISEIRA ADIDAS CINZA",195,simple,publish,380,380,,1,Array,,http://localhost/htdocs/pontodogolfe/wp-content/uploads/2025/11/71tA6OlDptL._SX679_.jpg
9426,"VISEIRA NIKE ROSA",194,simple,publish,180,180,,1,"Bonés , Viseiras e Chapéus",,http://localhost/htdocs/pontodogolfe/wp-content/uploads/2025/11/a1c14f40-c5f6-40d2-bd97-80eb39319399.jpg
9424,"VISEIRA ANEW GOLF",196,simple,publish,220,220,,1,Array,,http://localhost/htdocs/pontodogolfe/wp-content/uploads/2025/11/a7319a2d-7515-49c7-beeb-a6ca76c473e0.jpg
9160,"CAMISETA FJ CINZA TM M",409,simple,publish,520,520,,1,Array,,http://localhost/htdocs/pontodogolfe/wp-content/uploads/2025/11/3ce46ccc-3545-4ca6-a834-2e68f86fd532.png
8368,"CAMISETA FJ AZUL MARINHO TM M",310,simple,publish,420,420,,1,Array,,
8242,"CAMISETA FJ BRANCA C/ AZUL TM S",404,simple,publish,480,480,,1,Array,,http://localhost/htdocs/pontodogolfe/wp-content/uploads/2025/11/0fc964f2-25bd-4808-9bcf-5408d77e37a6.jpg
8230,"CALÇA IZOD GOLF BEGE  TM 36-32",123,simple,publish,420,420,,1,,,
8228,"CALÇA FJ BEGE TM 38-34",125,simple,publish,480,480,,1,Array,,
8229,"CALÇA PEBBLE BEACH TM 34-32",124,simple,publish,480,480,,1,,,
8227,"CALÇA FJ PRETA TM 38-34",126,simple,publish,350,350,,1,Array,,
8224,"CALÇA FEMININA PRETA SOUL TM M",129,simple,publish,320,320,,1,Array,,
8225,"CALÇA FEMININA  SOUL PRETA TM P",128,simple,publish,190,190,,1,Array,,
8226,"CALÇA FEMININA LADY HAGEN AZUL MARINHO TM XS",127,simple,publish,440,440,,1,Array,,
8221,"BERMUDA NIKE LISTRADA  TM 16",132,simple,publish,390,390,,1,Array,,
8222,"CALÇA GLORIA VANDERBILT VERDE TM 18",131,simple,publish,460,460,,1,Array,,
8223,"CALÇA PUMA FEMININA PRETA TM XXL",130,simple,publish,480,480,,1,Array,,
8218,"REGATA GREG NORMAN  ESTAMPADA TM SP",135,simple,publish,380,380,,1,Array,,
8219,"CAMISETA AZUL LISTRADA FJ TM S",134,simple,publish,520,520,,1,Array,,
8220,"COLETE FEMININO FJ PRETO TM M",133,simple,publish,680,680,,1,Array,,
8214,"BONE IGUASSU FALLS PRETO",0000350,simple,publish,140,140,,1,Array,,
8216,"CAMISETA FJ AZUL TM S",136,simple,publish,520,520,,1,Array,,
8217,"RESGATA FJ LÍLAS LISTRADA TM XS",137,simple,publish,520,520,,1,Array,,
8212,"CHAVEIRO TEMATICO DE GOLFE",0000351,simple,publish,0,0,,1,Array,,
8213,"TÊNIS FJ VERDE TM 8",139,simple,publish,1100,1100,,1,Array,,
8211,"CAMISETA COSTÃO GOLF VERDE TM GG",140,simple,publish,140,140,,1,Array,,
8208,"REGATA PUMA AZUL TM S",142,simple,publish,420,420,,1,Array,,
8209,"MARCADOR DE BOLA MASTERS",0000352,simple,publish,50,50,,1,Array,,
8210,"CAMISETA ADIDAS AMARELA TM L",141,simple,publish,280,280,,1,Array,,
7613,"CORTA VENTO AZUL MARINHO",122,simple,publish,160,160,,1,Array,,
7614,"CAMISETA TRAVIS MATHEW CINZA TM S",121,simple,publish,380,380,,1,Array,,
7615,"CAMISA WALTER HAGEN AZUL TM S",120,simple,publish,360,360,,1,,,
7597,"Tênis de Golfe Feminino G/FORE Cap Toe Gallivanter — TM 6.5",138,simple,publish,2450,2450,,1,Array,,http://localhost/htdocs/pontodogolfe/wp-content/uploads/2025/11/c7c5b7da-fd20-4f14-9add-8c15a23c731e.jpg
7418,"CAMISETA FJ AZUL CLARO TM M",295,simple,publish,520,520,,1,Array,,
7310,"CALÇA GREG NORMAN GRAFITE TM 40-32",106,simple,publish,480,480,,1,Array,,
7311,"CALÇA ADIDAS AZUL MARINHO TM 32-32",105,simple,publish,480,480,,1,Calças,,http://localhost/htdocs/pontodogolfe/wp-content/uploads/2025/11/51oArPTiY4L._AC_SX522_.jpg
7312,"CALÇA ADIDAS AZUL MARINHO TM 36-32",104,simple,publish,480,480,,1,,,
7307,"CALÇA ADIDAS PRETA TM 34-32",109,simple,publish,480,480,,1,Array,,
7308,"BOLSA AYLORMADE",108,simple,publish,2350,2350,,1,Array,,
7309,"CALÇA NIKE CINZA TM 8",107,simple,publish,520,520,,1,Array,,
7305,"CALÇA ADIDAS BEGE TM 34-32",111,simple,publish,480,480,,1,Array,,
7306,"CALÇA GREG NORMAN BEGE CLARA TM 34-34",110,simple,publish,480,480,,1,Array,,
7302,"Bermuda Puma Jackpot Golf Shorts Technical Performance Fabric - Pick Size 28",114,simple,publish,440,440,,1,Array,,
7303,"Nike Dri-FIT Men's Golf Shorts White Mens Size 28",113,simple,publish,460,460,,1,Array,,
7304,"CALÇA ADIDAS BEGE TM 36-32",112,simple,publish,480,480,,1,Array,,
7300,"CALÇA ADIDAS GOLF MEN'S GO-TO 5 POCKET PANTS W28/L32 CLEAR BROWN BEIGE",116,simple,publish,520,520,,1,Array,,
7301,"Calça Puma Jackpot Golf pants Technical Performance Fabric - Pick Size 28/32 color gray",115,simple,publish,520,520,,1,Array,,
7297,"CAMISA CLUB ROOM TM S ROSA",119,simple,publish,320,320,,1,Array,,
7298,"TÊNIS NEW Men's FootJoy Traditions Golf Shoes White  Size 7",118,simple,publish,1550,1550,,1,Array,,
7299,"TÊNIS NEW Men's FootJoy Traditions Golf Shoes Black  Size 7",117,simple,publish,1550,1550,,1,Array,,
7017,"TÊNIS FJ CINZA E ROXO N° 6 1/2",96,simple,publish,990.9,990.9,,1,,,
7014,"TÊNIS FJ CINZA E ROXO N°6",99,simple,publish,980,980,,1,Array,,
7015,"TÊNIS FJ ROSA CLARO N° 5",98,simple,publish,1250,1250,,1,Array,,
7016,"TÊNIS SKECHERS LARANJA  N°7",97,simple,publish,950,950,,1,Array,,
7012,"CALÇA WALTER HAGEN TM 34-32 VERMELHA",101,simple,publish,460,460,,1,Array,,
7013,"TÊNIS ADIDAS BRANCO E CINZA N°7",100,simple,publish,1300,1300,,1,Array,,
7010,"CALÇA GREG NORMAN VERDE TM 36-32",103,simple,publish,520,520,,1,Array,,
7011,"CALÇA GREG NORMAN VERDE TM 38-32",102,simple,publish,480,480,,1,Array,,
6734,"VARETA DE TREINO",73,simple,publish,260,260,,1,Array,,
6735,"ESCOVA LIMPA TACOS",72,simple,publish,80,80,,1,Array,,
6736,"MANGUITO PRETO NIKE G",71,simple,publish,50,50,,1,,,
6731,"POCKET - CARTEIRA VERDE",76,simple,publish,120,120,,1,Array,,
6732,"POCKET - CARTEIRA SCORE",75,simple,publish,160,160,,1,Array,,
6733,"SUPORTE PARA APRENDER TACAR",74,simple,publish,150,150,,1,Array,,
6729,"MARCADOR DE BOLA",78,simple,publish,120,120,,1,Array,,
6730,"MARCADOR DE BOLA + TEE",77,simple,publish,120,120,,1,Array,,
6727,"PILHA FG",80,simple,publish,59.9,59.9,,1,Array,,
6728,"PILHA GP",79,simple,publish,59.9,59.9,,1,Array,,
6723,"CORTA VENTO PRETA TM G",84,simple,publish,160,160,,1,Array,,
6724,"CORTA VENTO FJ  FEMININA",83,simple,publish,720,720,,1,Array,,
6725,"TEE LISTRADO",82,simple,publish,20,20,,1,Array,,
6720,"CINTO ARMOUR AZUL MARINHO",87,simple,publish,320,320,,1,Array,,
6721,"TEE BRANCO PEQUENO",86,simple,publish,15,15,,1,Array,,
6722,"TEE MADEIRA PEQUENO",85,simple,publish,10,10,,1,Array,,
6717,"CINTO PUMA VERDE",90,simple,publish,360,360,,1,Array,,
6718,"CINTO TFLOW BEGE",89,simple,publish,320,320,,1,Array,,
6719,"CINTO UNDER ARMOUR BRANCO",88,simple,publish,320,320,,1,Array,,
6714,"CINTO ADIDAS MARROM",93,simple,publish,240,240,,1,Array,,
6715,"CINTO ADIDAS ROXO",92,simple,publish,320,320,,1,Array,,
6716,"CINTO PUMA AZUL E VERDE",91,simple,publish,340,340,,1,Array,,
6712,"CINTO PUMA AZUL CLARO",95,simple,publish,340,340,,1,Array,,
6713,"CINTO PRIME GOLF",94,simple,publish,190,190,,1,Array,,
6470,"CAMISETA WALTER HAGEN BRANCA E VERDE  TM XL",315,simple,publish,360,360,,1,Array,,
6134,"TEE MADEIRA  GRANDE C/ 10 UN",22,simple,publish,15,15,,1,Array,,
6135,"TEE BRANCO GRANDE C/ 10 UN",21,simple,publish,15,15,,1,Array,,
6136,"TEE COLORIDO C/10 UN",20,simple,publish,15,15,,1,,,
6130,"GRIP CINZA C/ VERMELHO",26,simple,publish,80,80,,1,Array,,
6131,"GRIP PRETO",25,simple,publish,80,80,,1,Array,,
6132,"TEE LISTRADO C/ 10 UN",24,simple,publish,20,20,,1,Array,,
6133,"TEE LARANJA C/ 10 UN",23,simple,publish,15,15,,1,Array,,
6127,"PROTETOR SOLAR OAZ AEROSSOL FPS 50",29,simple,publish,75,75,,1,Array,,
6128,"GRIP CINZA",28,simple,publish,80,80,,1,Array,,
6129,"GRIP CINZA C/ AZUL",27,simple,publish,80,80,,1,,,
6124,"REPELENTE KIDS SPRAY",32,simple,publish,35.9,35.9,,1,Array,,
6125,"PROTETOR SOLAR NIVEA FPS 30",31,simple,publish,55,55,,1,Array,,
6126,"PROTETOR SOLAR AEROSSOL CENOURA E BRONZE FPS 50",30,simple,publish,75,75,,1,Array,,
6120,"vara de alinhamento rigida amarela",0000337,simple,publish,290,290,,1,Array,,
6121,"MARCADOR E REPARADOR DE GREEN COSTÃO",35,simple,publish,70,70,,1,Array,,
6122,"BONÉ COSTÃO PRETO",34,simple,publish,140,140,,1,Array,,
6123,"REPELENTE MYHEALTH AEROSSOL",33,simple,publish,49.9,49.9,,1,Array,,
6118,"TACO FERRO 2",36,simple,publish,400,400,,1,Array,,
6119,"vara de alinhamento rigida laranja",0000338,simple,publish,290,290,,1,Array,,
6114,"LUVA GOG AZUL TM 20",40,simple,publish,200,200,,1,Array,,
6115,"LUVA GOG GOLF ROSA TM 18",39,simple,publish,200,200,,1,Array,,
6116,"LUVA GOG GOLF ROSA TM 19",38,simple,publish,200,200,,1,,,
6117,"LUVA GOG GOLF ROSA TM 20",37,simple,publish,200,200,,1,Array,,
6111,"LUVA TITLEIST TM ML",43,simple,publish,130,130,,1,Array,,
6112,"LUVA GOG GOLF AZUL TM 19",42,simple,publish,200,200,,1,Array,,
6113,"LUVA GOG GOLF AZUL TM 18",41,simple,publish,200,200,,1,Array,,
6107,"LUVA FJ WEATHERSOF TM X-LG",47,simple,publish,180,180,,1,Array,,
6108,"LUVA FJ WEATHERSOF TM SMAL",46,simple,publish,180,180,,1,Array,,
6109,"LUVA FJ CONTOUR TM SMAL",45,simple,publish,220,220,,1,Array,,
6110,"LUVA FJ CONTOUR TM MEDIUM",44,simple,publish,220,220,,1,Array,,
6104,"LUVA TAYLORMADE TM XL",50,simple,publish,180,180,,1,Array,,
6105,"LUVA AVANT TM XL",49,simple,publish,180,180,,1,Array,,
6106,"LUVA AVANT TM S",48,simple,publish,180,180,,1,Array,,
6101,"LUVA FJ JUNIOR TM L",53,simple,publish,140,140,,1,Array,,
6102,"LUVA FJ JUNIOR TM SMALL",52,simple,publish,140,140,,1,Array,,
6103,"LUVA FJ JUNIOR TM MEDIUM",51,simple,publish,140,140,,1,Array,,
6098,"trio de bola callaway warbird distance+",000340,simple,publish,0,0,,1,Array,,
6099,"trio bola taylor made distance+",0000339,simple,publish,0,0,,1,Array,,
6100,"LUVA FJ JUNIOR TM MEDIUM-LARGER",54,simple,publish,140,140,,1,Array,,
6095,"luva kirkland s (mao direita)",0000341,simple,publish,130,130,,1,Array,,
6096,"TOALHA GOLF ROSA",56,simple,publish,120,120,,1,Array,,
6097,"TOALHA GOLF VERDE",55,simple,publish,120,120,,1,,,
6092,"TOALHA HANDY PICKS VERMELHA",59,simple,publish,80,80,,1,Array,,
6093,"TOALHA SLICKNIK AZUL MARINHO",58,simple,publish,80,80,,1,Array,,
6094,"TOALHA COSTÃO GOLF ROSA",57,simple,publish,70,70,,1,Array,,
6089,"PAR DE MEIAS IZOD",61,simple,publish,49.9,49.9,,1,Array,,
6090,"oculos sol skechers",0000342,simple,publish,720,720,,1,Array,,
6091,"TOALHA HANDY PICKS CINZA",60,simple,publish,80,80,,1,Array,,
6085,"MANGUITO PRETO",63,simple,publish,50,50,,1,Array,,
6086,"shorts masculino preto greg norman TAM 32",0000344,simple,publish,0,0,,1,Array,,
6087,"CAPA DE CHUVA",62,simple,publish,39.9,39.9,,1,Array,,
6088,"boné FJ preto",0000343,simple,publish,390,390,,1,Array,,
6082,"MANGUITO CINZA",65,simple,publish,50,50,,1,Array,,
6083,"MANGUITO BRANCO",64,simple,publish,50,50,,1,Array,,
6084,"shorts cinza greg norman masculino tam 36",0000345,simple,publish,0,0,,1,,,
6079,"oculos de sol marcolin oncinha",0000348,simple,publish,820,820,,1,Array,,
6080,"oculos marcolin armação metal marrom",0000347,simple,publish,820,820,,1,Array,,
6081,"tenis fj prosl cinza com solado detalhes azul tamanho 9",0000346,simple,publish,0,0,,1,Array,,
6075,"PROTETOR DE ORELHA CINZA",69,simple,publish,60,60,,1,Array,,
6076,"PROTETOR DE ORELHA PRETO",68,simple,publish,60,60,,1,Array,,
6077,"MARCADOR E REPARADOR DE GREEN MASTERS",66,simple,publish,50,50,,1,Array,,
6078,"oculos marcolin cinza armação plastico",0000349,simple,publish,820,820,,1,Array,,
6074,"JAQUETA CORTA VENTO ALANA",70,simple,publish,160,160,,1,,,
5442,"TÊNIS NIKE PRETO N 6",165,simple,publish,890,890,,1,Array,,http://localhost/htdocs/pontodogolfe/wp-content/uploads/2025/10/IMG-20251008-WA0409.jpg
5443,"CAMISETA TRAVIS MATHEW CINZA TM M",164,simple,publish,380,380,,1,Array,,http://localhost/htdocs/pontodogolfe/wp-content/uploads/2025/10/1.png
5242,"CAMISETA FJ ROSA TM M",296,simple,publish,520,520,,1,Array,,http://localhost/htdocs/pontodogolfe/wp-content/uploads/2025/10/Imagem-do-WhatsApp-de-2025-11-18-as-09.04.48_afa48d42.jpg
5143,"Shorts masculino azul callaway tam 32",0000323,simple,publish,420,420,,1,Array,,
5144,"Shorts masculino GREG NORMAN PRETO tamanho 34",0000322,simple,publish,420,420,,1,Array,,
5145,"Shorts saia branco stride skort TAM L",0000321,simple,publish,320,320,,1,,,
5141,"Shorts azul marinho greg norman tam 32",0000325,simple,publish,420,420,,1,Array,,
5142,"Shorts callaway cinza tam 36",0000324,simple,publish,420,420,,1,Array,,
5140,"Shorts saia preto stride skort XS",0000326,simple,publish,320,320,,1,Array,,
5136,"shorts saia feminino preto callaway tam xs",0000330,simple,publish,380,380,,1,Array,,
5137,"Shorts masculino walter hagen verde tam W42 8""",0000329,simple,publish,460,460,,1,Array,,
5138,"shorts masculino walter hagen cinza tam W42 10""",0000328,simple,publish,460,460,,1,Array,,
5139,"Shorts saia preto stride skort TAM S",0000327,simple,publish,320,320,,1,Array,,
5133,"calça walter hagen bege claro tam W46 L32",0000333,simple,publish,480,480,,1,Array,,
5134,"shorts masculino adidas bege tam 38",0000332,simple,publish,460,460,,1,Array,,
5135,"shorts saia calia golf verde claro tam S",0000331,simple,publish,380,380,,1,,,
5130,"Trio bola titleist pro v1x",0000336,simple,publish,120,120,,1,Array,,
5131,"SHORTS BRANCO WALTER HAGEN FEM TAM 0",0000335,simple,publish,320,320,,1,Array,,
5132,"shorts saia lady hagen azul marinho tam XS",0000334,simple,publish,380,380,,1,Array,,
5127,"PACOTE BOLINHA USADA 120,00",4,simple,publish,120,120,,1,Array,,
5128,"PACOTE BOLINHA USADA 40,00",3,simple,publish,40,40,,1,Array,,
5129,"PACOTE BOLINHA USADA 30,00",2,simple,publish,30,30,,1,Array,,
5125,"PACOTE BOLINHA USADA 60,00",6,simple,publish,60,60,,1,Array,,
5126,"PACOTE BOLINHA USADA 50,00",5,simple,publish,50,50,,1,,,
5124,"PACOTE BOLINHA USADA 100,00",7,simple,publish,100,100,,1,Array,,
5121,"PACOTE BOLINHA USADA 250,00",10,simple,publish,250,250,,1,Array,,
5122,"PACOTE BOLINHA USADA 150,00",9,simple,publish,150,150,,1,Array,,
5123,"PACOTE BOLINHA USADA 80,00",8,simple,publish,80,80,,1,Array,,
5117,"CAIXA C/ 3 UNIDADES TAIWAN VERDE",14,simple,publish,60,60,,1,Array,,
5118,"CAIXA C/ 3 UNIDADES TAIWAN ROSA",13,simple,publish,60,60,,1,Array,,
5119,"CAIXA COMPLETA TAIWAN VERDE",12,simple,publish,199,199,,1,Array,,
5120,"CAIXA COMPLETA TAIWAN ROSA",11,simple,publish,199,199,,1,Array,,
5114,"CAIXA C/ 3 UNIDADES BRIDGESTONE",17,simple,publish,80,80,,1,Array,,
5115,"CAIXA C/ 3 UNIDADES TITLEIST",16,simple,publish,100,100,,1,Array,,
5116,"CAIXA C/ 3 UNIDADES SRIXON",15,simple,publish,110,110,,1,,,
5113,"KIT COCA COLA BOLINHA / TEE",18,simple,publish,120,120,,1,Array,,
4727,"camiseta clube feminina preta G",0000374,simple,publish,140,140,,1,Array,,
4550,"caixa de bolas com logo 12un",0000003,simple,publish,620,620,,1,,,
4551,"PAR MEIA IZZO BRANCO",0000002,simple,publish,39,39,,1,,,
4552,"CHAVEIRO TACO E BOLA DE GOLF",0000001,simple,publish,80,80,,1,,,
4542,"FootJoy Women's Flex Golf Cinza c Roxo (TAM 6)",0000011,simple,publish,990,990,,1,,,
4543,"Nike React Infinity Pro Golf /(TAM 9.5) PRETO E AMARELO FLOURECENTE",0000010,simple,publish,1450,1450,,1,,,
4545,"FootJoy  ONCINHA (TAM 7 )",0000008,simple,publish,1450,1450,,1,,,
4547,"Prestigio preto",0000006,simple,publish,6,6,,1,,,
4548,"Sonho de valsa",0000005,simple,publish,3,3,,1,,,
4549,"TÊNIS NIKE 6",0000004,simple,publish,845.5,845.5,,1,,,
4501,"Pringles original",0000053,simple,publish,18,18,,1,,,
4526,"FootJoy  ONCINHA (TAM 7 1/2)",0000028,simple,publish,1450,1450,,1,,,
4502,"Pringles creme e cebola",0000052,simple,publish,18,18,,1,,,
4527,"Ténis Adidas Branco Masculino TAM 9",0000027,simple,publish,1250,1250,,1,,,
4504,"Guaraná Lata",0000050,simple,publish,8,8,,1,,,
4528,"Ténis Adidas Solarmotion BOA 24 Spikeless Golf CINZA COM VERDE TAM 8",0000026,simple,publish,1250,1250,,1,,,
4505,"Coca cola 0",0000049,simple,publish,8,8,,1,,,
4529,"Nike React Infinity Pro Golf /(TAM 9.5) PRETO E AMARELO FLOURECENTE",0000025,simple,publish,1450,1450,,1,,,
4506,"Coca cola",0000048,simple,publish,8,8,,1,,,
4530,"Ténis Adidas S2G BOA Spikeless Golf BRANCO E VERMELHO TAM 11 1/2",0000024,simple,publish,1350,1350,,1,,,
4510,"Picole NUTS GLACERADA",0000044,simple,publish,15,15,,1,,,
4532,"Tênis G/FORE SEREIA TAM 11",0000022,simple,publish,2450,2450,,1,,,
4511,"Picole framboesa",0000043,simple,publish,12,12,,1,,,
4534,"FootJoy Women's FJ Fuel Golf Shoes 1 - (TAM 8 1/2) COURO",0000019,simple,publish,1150,1150,,1,,,
4512,"Picole limonada suiça",0000042,simple,publish,8,8,,1,,,
4535,"FootJoy Flex preto 1 TECIDO (TAM 8 1/2 )",0000018,simple,publish,1150,1150,,1,,,
4513,"Picole uva classico",0000041,simple,publish,8,8,,1,,,
4536,"FootJoy Women's FJ Fuel Golf (TAM 6)",0000017,simple,publish,1350,1350,,1,,,
4514,"Picolé maracuja",0000040,simple,publish,15,15,,1,,,
4537,"FootJoy Flex CINZA COM ROXO  FEM (TAM 6 1/2)",0000016,simple,publish,990,990,,1,,,
4515,"Picole morango com leite",0000039,simple,publish,15,15,,1,,,
4516,"Picolé Pistache",0000038,simple,publish,20,20,,1,,,
4520,Redbull,0000034,simple,publish,20,20,,1,,,
4523,"FootJoy ONCINHA (TAM 6 1/2)",0000031,simple,publish,1450,1450,,1,,,
4524,"FootJoy ONCINHA (TAM 8 1/2)",0000030,simple,publish,1450,1450,,1,,,
4500,"Pringles churrasco",0000054,simple,publish,18,18,,1,,,
4525,"FootJoy  ONCINHA (TAM 8)",0000029,simple,publish,1450,1450,,1,,,
4451,"Cinto adidas bege Tam M/L",0000104,simple,publish,420,420,,1,,,
4467,"Tênis nike masculino  (Tam 10 ½)",0000088,simple,publish,980,980,,1,,,
4452,"Cinto adidas roxo e preto S/M",0000103,simple,publish,320,320,,1,,,
4468,"Tênis nike com travas (Tam 6) preto e branco",0000087,simple,publish,890,890,,1,,,
4453,"Chapéu adidas Tam S/M",0000102,simple,publish,350,350,,1,,,
4469,"Tênis nike feminino Tam 10",0000086,simple,publish,990,990,,1,,,
4454,"Viseira Under Armour BRANCO",0000101,simple,publish,260,260,,1,,,
4470,"Tênis nike feminino Tam 7y (preto e branco tecidoz)",0000085,simple,publish,790,790,,1,,,
4455,"Viseira Under Armour PRETO",0000100,simple,publish,260,260,,1,,,
4471,"Tênis alto padrão G/Fore (Tam 6.5) branco e roxo",0000084,simple,publish,2450,2450,,1,,,
4456,"viseira adidas feminina cinza quadriculada",0000099,simple,publish,320,320,,1,,,
4472,"Tênis nike feminino (cinza com rosa) TAM 9",0000083,simple,publish,980,980,,1,,,
4441,"Caixa fechada de bolas Taiwan verde (com 12)",0000115,simple,publish,199,199,,1,,,
4457,"Boné titleist roxo claro",0000098,simple,publish,320,320,,1,,,
4473,"Tênis Footjoy mesclado feminino Tam 5 ½",0000082,simple,publish,980,980,,1,,,
4442,"Trio bola bridgestone golf e6 caixa amarela",0000113,simple,publish,120,120,,1,,,
4458,"Boné titleist preto com simbolo redondo branco",0000097,simple,publish,240,240,,1,,,
4474,"Tênis FootJoy infantil TAM 3 (roxo com amarelo)",0000081,simple,publish,450,450,,1,,,
4443,"Trio bola bridgestone golf",0000112,simple,publish,120,120,,1,,,
4459,"Bolsa de sapato",0000096,simple,publish,140,140,,1,,,
4475,"Tênis Footjoy feminino TAM 7 (branco e rosa)",0000080,simple,publish,1250,1250,,1,,,
4444,"Trio bola taiwan verde",0000111,simple,publish,60,60,,1,,,
4460,"Espelho para treino de putter",0000095,simple,publish,140,140,,1,,,
4476,"Tênis Footjoy masculino amarelo fluorescente TAM 8",0000079,simple,publish,1100,1100,,1,,,
4445,"Trio bola taiwan rosa",0000110,simple,publish,60,60,,1,,,
4461,"Toalha microfibra",0000094,simple,publish,80,80,,1,,,
4477,"Tênis FootJoy Flex feminino cinza com azul TAM 6",0000078,simple,publish,990,990,,1,,,
4446,"Trio bola callaway",0000109,simple,publish,100,100,,1,,,
4462,"Escovinha para limpar tacos com recipiente de água",0000093,simple,publish,120,120,,1,,,
4478,"Tênis FootJoy cinca com solado laranja masculino Tam 7 ½",0000077,simple,publish,1350,1350,,1,,,
4447,"Trio de bolas titleist",0000108,simple,publish,100,100,,1,,,
4463,"Suporte para aprender tacar",0000092,simple,publish,150,150,,1,,,
4479,"Tênis FootJoy Flex feminino todo preto TAM 6",0000076,simple,publish,990,990,,1,,,
4448,"Cinto under armour cinza",0000107,simple,publish,380,380,,1,,,
4464,"vara de alinhamento (laranja)",0000091,simple,publish,230,230,,1,,,
4480,"Tênis Adidas ZG23 Golf Shoes Todo preto TAM 10 1/2",0000075,simple,publish,1350,1350,,1,,,
4449,"Cinto Puma trançado azul e bege",0000106,simple,publish,340,340,,1,,,
4465,"vara de alinhamento (amarela)",0000090,simple,publish,230,230,,1,,,
4481,"Tênis Adidas ZG23 Golf Shoes Todo preto TAM 9",0000074,simple,publish,1350,1350,,1,,,
4450,"Cinto Under Armour Azul marinho",0000105,simple,publish,320,320,,1,,,
4466,"Kit de jogo golfe infantil (para brincar)",0000089,simple,publish,550,550,,1,,,
4419,"Mangote preto",0000137,simple,publish,50,50,,1,,,
4435,"Corta vento Alana Tam P",0000121,simple,publish,160,160,,1,,,
4420,"Repelente repellere",0000136,simple,publish,60,60,,1,,,
4436,"Blusa THE NORTH FACE TAM XL",0000120,simple,publish,480,480,,1,,,
4421,"Protetor solar sundown",0000135,simple,publish,60,60,,1,,,
4437,"Corta vento masculino azul marinho tam P",0000119,simple,publish,160,160,,1,,,
4422,"Protetor solar Nivea sun",0000134,simple,publish,69.9,69.9,,1,,,
4438,"Caixa fechada de bolas titleist (com 12)",0000118,simple,publish,320,320,,1,,,
4407,"luva kirkland ML",0000149,simple,publish,130,130,,1,,,
4423,"Protetor solar spray oaz",0000133,simple,publish,79.9,79.9,,1,,,
4439,"Caixa fechada de bolas callaway (com 12)",0000117,simple,publish,320,320,,1,,,
4408,"Luva callaway tam S",0000148,simple,publish,200,200,,1,,,
4424,"pacote de bola usada 100",0000132,simple,publish,100,100,,1,,,
4440,"Caixa fechada de bolas Taiwan rosa (com 12)",0000116,simple,publish,199,199,,1,,,
4409,"luva taylormade TPflex RH-S",0000147,simple,publish,240,240,,1,,,
4425,"pacote de bola usada 120",0000131,simple,publish,120,120,,1,,,
4410,"luva fj contour flx feminina SMALL",0000146,simple,publish,200,200,,1,,,
4426,"Pacote bolinha usada de 80",0000130,simple,publish,80,80,,1,,,
4411,"Luva FJ contour flx masculina CADET MEDIUM",0000145,simple,publish,200,200,,1,,,
4427,"Marcador estilo canivete",0000129,simple,publish,80,80,,1,,,
4412,"Luva FJ contour flx SMALL MASCULINA",0000144,simple,publish,200,200,,1,,,
4428,"Contador de tacada",0000128,simple,publish,80,80,,1,,,
4413,"Luva Taylor made stratus tech RH-S",0000143,simple,publish,180,180,,1,,,
4429,"Blusa feminina Greg Norman Tam XL",0000127,simple,publish,380,380,,1,,,
4414,"Luva taylor made stratus tech RH-XL",0000142,simple,publish,180,180,,1,,,
4430,"Blusa feminina FJ Tam M preta",0000126,simple,publish,560,560,,1,,,
4415,"Luva Weather Sof FJ MED/LG",0000141,simple,publish,180,180,,1,,,
4431,"Blusa feminina FJ Tam M laranja",0000125,simple,publish,560,560,,1,,,
4416,"Luva FJ Weather Sof MEDIUM (caixa verde)",0000140,simple,publish,180,180,,1,,,
4432,"Blusa feminina FJ Tam XS verde",0000124,simple,publish,520,520,,1,,,
4417,"Mangote branco",0000139,simple,publish,50,50,,1,,,
4433,"Corta vento Alana Tam G",0000123,simple,publish,160,160,,1,,,
4418,"Mangote cinza",0000138,simple,publish,50,50,,1,,,
4434,"Corta Vento Alana Tam P amarelo",0000122,simple,publish,160,160,,1,,,
4352,"calça bege nike masculina tam 32 M",0000204,simple,publish,380,380,,1,,,
4369,"vinho casimiro torrones san juanino",0000187,simple,publish,80,80,,1,,,
4385,"Camiseta Vineyard Vines Tam M",0000171,simple,publish,320,320,,1,,,
4403,"Shorts saia preto bolso lateral TAM M",0000153,simple,publish,220,220,,1,,,
4353,"calça greg norman 35 x 32 cinza",0000203,simple,publish,420,420,,1,,,
4370,"Vinho casimiro cosecha 2020",0000186,simple,publish,150,150,,1,,,
4386,"Camiseta Greg Norman Tam M",0000170,simple,publish,420,420,,1,,,
4404,"Shorts saia preto (PP ou P) com renda embaixo",0000152,simple,publish,320,320,,1,,,
4354,"Calça azul greg norman 38x32",0000202,simple,publish,480,480,,1,,,
4371,"Toalha tenis cinza com rosa",0000185,simple,publish,120,120,,1,,,
4387,"Camiseta Travis Mathew Tam M",0000169,simple,publish,380,380,,1,,,
4405,"Shorts saia azul bebê TAM M",0000151,simple,publish,360,360,,1,,,
4355,"calça cinza greg norman tam 40x32",0000201,simple,publish,480,480,,1,,,
4372,"Toalha preta tênis feminina detalhes rosa",0000184,simple,publish,120,120,,1,,,
4389,"Camiseta IZOD GOLF Tam XL",0000167,simple,publish,380,380,,1,,,
4406,"luva kirkland tam S (para mão esquerda)",0000150,simple,publish,130,130,,1,,,
4357,"Boné clube  iguaçu falls branco",0000199,simple,publish,140,140,,1,,,
4373,"Blusa frio VINEYARD VINES rosa baleia TAM L",0000183,simple,publish,490,490,,1,,,
4390,"Boné adidas feminino branco com vermelho",0000166,simple,publish,240,240,,1,,,
4358,"Boné clube  iguaçu falls rosa",0000198,simple,publish,140,140,,1,,,
4374,"Camiseta TRAVIS MATHEW tam XL",0000182,simple,publish,380,380,,1,,,
4391,"shorts saia preto gelufilm S/M",0000165,simple,publish,140,140,,1,,,
4359,"Escovinha para limpar taco toda preta",0000197,simple,publish,80,80,,1,,,
4375,"Camisa GELANTE Tamanho: L",0000181,simple,publish,160,160,,1,,,
4392,"shorts saia rosa fluorescente TAM M/G",0000164,simple,publish,320,320,,1,,,
4360,"Escova limpar taco azul e preta",0000196,simple,publish,80,80,,1,,,
4376,"Camiseta TRAVIS MATHEW TAM L",0000180,simple,publish,420,420,,1,,,
4393,"shorts saia lady hagen sereia tam M",0000163,simple,publish,380,380,,1,,,
4361,"Trio bola nike",0000195,simple,publish,120,120,,1,,,
4377,"Camisa Adidas Tamanho: M",0000179,simple,publish,320,320,,1,,,
4394,"cinto masculino puma mesclado cinza e azul marinho TAM S/M",0000162,simple,publish,340,340,,1,,,
4362,"Necessaire preta",0000194,simple,publish,49,49,,1,,,
4378,"Camisa Walter Hagen Tam XL",0000178,simple,publish,360,360,,1,,,
4395,"Shorts masculino cinza under armour tam 32",0000161,simple,publish,320,320,,1,,,
4363,"Necessaire florida",0000193,simple,publish,49,49,,1,,,
4379,"Camiseta WALTER HAGEN TAM S",0000177,simple,publish,360,360,,1,,,
4396,"Shorts saia rosa/branco/cinza TAM M GRANDSLAM",0000160,simple,publish,340,340,,1,,,
4364,"Faixa cabelo protetor ouvido branco",0000192,simple,publish,60,60,,1,,,
4380,"Camisa Cutter e Buck TAM S/P",0000176,simple,publish,380,380,,1,,,
4397,"Shorts puma branco TAM 10",0000159,simple,publish,320,320,,1,,,
4365,"Faixa cabelo protetor ouvido cinza",0000191,simple,publish,60,60,,1,,,
4381,"Camiseta Columbia Golf Tam S",0000175,simple,publish,420,420,,1,,,
4398,"Saia PUMA branca TAM 10",0000158,simple,publish,380,380,,1,,,
4366,"Faixa cabelo protetor ouvido preto",0000190,simple,publish,60,60,,1,,,
4382,"Camiseta Under Armour Tam S",0000174,simple,publish,360,360,,1,,,
4400,"Shorts masculino adidas BEGE TAM 28",0000156,simple,publish,380,380,,1,,,
4367,"vinho casimiro bonarda",0000189,simple,publish,80,80,,1,,,
4383,"Camiseta Cremieux Performance Tam L",0000173,simple,publish,320,320,,1,,,
4401,"Shorts saia ADIDAS TAM XL",0000155,simple,publish,380,380,,1,,,
4368,"vinho casimiro syrah",0000188,simple,publish,80,80,,1,,,
4384,"Camiseta Columbia Golf Tam S",0000172,simple,publish,480,480,,1,,,
4402,"Shorts saia PUMA TAM XL mesclado azul e branco",0000154,simple,publish,380,380,,1,,,
4336,"camiseta feminina lady hagen tam s vermelha",0000220,simple,publish,360,360,,1,,,
4337,"camiseta feminina fj roxa tam m",0000219,simple,publish,520,520,,1,,,
4322,"calça masculina izod golf tam 36x32",0000234,simple,publish,420,420,,1,,,
4338,"camiseta feminina puma azul gola rosa tam s",0000218,simple,publish,380,380,,1,,,
4323,"calça fem preta soul life tam m",0000233,simple,publish,180,180,,1,,,
4339,"camiseta feminina g/fore azul marinho tam s",0000217,simple,publish,560,560,,1,,,
4324,"camiseta greg norman branca fem tam xl",0000232,simple,publish,380,380,,1,,,
4340,"camiseta feminina greg norman tam xl rosa",0000216,simple,publish,380,380,,1,,,
4325,"camiseta/bata adidas tam s",0000231,simple,publish,380,380,,1,,,
4341,"Camiseta feminina greg norman azul tam S",0000215,simple,publish,350,350,,1,,,
4326,"vestido callaway azul tam M",0000230,simple,publish,680,680,,1,,,
4342,"toalha clube iguassu falls azul",0000214,simple,publish,60,60,,1,,,
4327,"camiseta feminina lady hagen preta tam M",0000229,simple,publish,360,360,,1,,,
4343,"toalha clube iguassu falls branca",0000213,simple,publish,60,60,,1,,,
4328,"calça preta feminina lady hagen tam xs",0000228,simple,publish,380,380,,1,,,
4344,"imã para marcador (apenas para contagem x não vender)",0000212,simple,publish,20,20,,1,,,
4329,"calça feminina nike preta tam 16",0000227,simple,publish,520,520,,1,,,
4345,"marcador clube iguassu",0000211,simple,publish,50,50,,1,,,
4330,"shorts feminino nike golf azul marinho tam 12",0000226,simple,publish,320,320,,1,,,
4346,"marcador clube iguassu com imã para boné",0000210,simple,publish,70,70,,1,,,
4331,"calça feminina puma tam L azul marinho",0000225,simple,publish,420,420,,1,,,
4347,"calça masculina adidas azul marinho tam 36x32",0000209,simple,publish,480,480,,1,,,
4332,"camiseta nike azul dri fit tam L",0000224,simple,publish,320,320,,1,,,
4348,"calça masculina adidas bege tam 36x32",0000208,simple,publish,480,480,,1,,,
4333,"camiseta pgm preta tam L",0000223,simple,publish,320,320,,1,,,
4349,"calça bordo tam 32x32",0000207,simple,publish,480,480,,1,,,
4334,"camiseta feminina fj azul marinha listrado tam s",0000222,simple,publish,520,520,,1,,,
4350,"calça walter hagen tam 38x32",0000206,simple,publish,420,420,,1,,,
4335,"camiseta/bata adidas branca alongada tam s",0000221,simple,publish,380,380,,1,,,
4351,"calça greg norman preta masculina 34x32",0000205,simple,publish,480,480,,1,,,
4272,"Shorts masculino walter hagen rosa tam 35'9",0000284,simple,publish,380,380,,1,,,
4288,"camiseta masculina com gola verde clube tam M",0000268,simple,publish,140,140,,1,,,
4304,"Camiseta clube rosa sem manga G",0000252,simple,publish,140,140,,1,,,
4320,"Tee madeira médio com 10 unidades",0000236,simple,publish,10,10,,1,,,
4273,"Shorts masculino walter hagen rosa tam 36'9",0000283,simple,publish,380,380,,1,,,
4289,"camiseta branca com gola verde masculina clube TAM P",0000267,simple,publish,140,140,,1,,,
4305,"Tee madeira cru grande",0000251,simple,publish,15,15,,1,,,
4321,"Tee plástico laranja",0000235,simple,publish,15,15,,1,,,
4274,"camiseta clube fem preta com manga GG",0000282,simple,publish,140,140,,1,,,
4290,"Camiseta clube feminina branca com manga GG",0000266,simple,publish,140,140,,1,,,
4306,"Tee emborrachado",0000250,simple,publish,20,20,,1,,,
4275,"camiseta clube preta fem sem manga tam GG",0000281,simple,publish,140,140,,1,,,
4291,"camiseta clube branca feminina G com manga",0000265,simple,publish,140,140,,1,,,
4307,"Camiseta ponto do golfe masculina branca P",0000249,simple,publish,140,140,,1,,,
4276,"camiseta clube branca com gola preta masc tam M",0000280,simple,publish,140,140,,1,,,
4292,"camiseta clube branca fem GG sem manga",0000264,simple,publish,140,140,,1,,,
4308,"Camiseta ponto do golfe masculina branca M",0000248,simple,publish,140,140,,1,,,
4277,"camiseta preta clube fem tam M",0000279,simple,publish,140,140,,1,,,
4293,"camiseta clube masculina preta P",0000263,simple,publish,140,140,,1,,,
4309,"Camiseta clube feminina verde TAM XG",0000247,simple,publish,140,140,,1,,,
4278,"camiseta preta clube fem tam G",0000278,simple,publish,140,140,,1,,,
4294,"camiseta clube masculina verde agua G",0000262,simple,publish,140,140,,1,,,
4310,"Tee colorido grande madeira",0000246,simple,publish,15,15,,1,,,
4279,"camiseta preta clube fem tam P com manga",0000277,simple,publish,140,140,,1,,,
4295,"camiseta masculina clube verde agua M",0000261,simple,publish,140,140,,1,,,
4311,"Tee monstrinho branco",0000245,simple,publish,20,20,,1,,,
4280,"camiseta clube fem branca com manga tam P",0000276,simple,publish,140,140,,1,,,
4296,"camiseta masculina clube GG verde agua",0000260,simple,publish,140,140,,1,,,
4312,"Tee bonequinha",0000244,simple,publish,20,20,,1,,,
4281,"camiseta clube branca sem manga fem tam P",0000275,simple,publish,140,140,,1,,,
4297,"camiseta clube feminina roxa GG",0000259,simple,publish,140,140,,1,,,
4313,"Tee ursinho rosa",0000243,simple,publish,20,20,,1,,,
4282,"camiseta clube branca feminina sem manga M",0000274,simple,publish,140,140,,1,,,
4298,"camiseta clube feminina roxa G",0000258,simple,publish,140,140,,1,,,
4314,"Tee girafinha rosa",0000242,simple,publish,20,20,,1,,,
4283,"camiseta clube masculina branca com gola preta TAM P",0000273,simple,publish,140,140,,1,,,
4299,"camiseta clube feminina roxa M",0000257,simple,publish,140,140,,1,,,
4315,"Tee girafinha verde",0000241,simple,publish,20,20,,1,,,
4284,"camiseta clube masculina cinza TAM P",0000272,simple,publish,140,140,,1,,,
4300,"Camiseta clube rosa sem manga P",0000256,simple,publish,140,140,,1,,,
4316,"Tee minion",0000240,simple,publish,20,20,,1,,,
4269,"Shorts masculino walter hagen azul tam 30'9",0000287,simple,publish,380,380,,1,,,
4285,"camiseta clube masculina cinza TAM GG",0000271,simple,publish,140,140,,1,,,
4301,"camiseta masculina clube branca tam XGG",0000255,simple,publish,140,140,,1,,,
4317,"Tee panda",0000239,simple,publish,20,20,,1,,,
4270,"Shorts masculino walter hagen rosa tam 34'9",0000286,simple,publish,380,380,,1,,,
4286,"camiseta clube masculina cinza TAM G",0000270,simple,publish,140,140,,1,,,
4302,"Camiseta clube rosa sem manga M",0000254,simple,publish,140,140,,1,,,
4318,"Tee ursinho",0000238,simple,publish,20,20,,1,,,
4271,"Shorts masculino walter hagen rosa tam 38'9",0000285,simple,publish,380,380,,1,,,
4287,"camiseta clube masculina cinza TAM M",0000269,simple,publish,140,140,,1,,,
4303,"camiseta clube rosa sem manga tam GG",0000253,simple,publish,140,140,,1,,,
4319,"Tee gatinho",0000237,simple,publish,20,20,,1,,,
4240,"trio bola callaway supersoft rosa",0000316,simple,publish,90,90,,1,,,
4256,"picole açai leitinho",0000300,simple,publish,15,15,,1,,,
4241,"caixa bola completa callaway supersoft rosa",0000315,simple,publish,320,320,,1,,,
4257,"picole doce de leite",0000299,simple,publish,12,12,,1,,,
4242,"camiseta tail white label tam L",0000314,simple,publish,420,420,,1,,,
4258,"picole ovomaltine",0000298,simple,publish,18,18,,1,,,
4243,"regata feminina tail white label tam S",0000313,simple,publish,420,420,,1,,,
4259,"picole ovomaltine vegano",0000297,simple,publish,12,12,,1,,,
4244,"regata feminina preta TAIL WHITE LABEL TAM L",0000312,simple,publish,420,420,,1,,,
4260,"picole banoffe",0000296,simple,publish,15,15,,1,,,
4245,"tênis feminino Footjoy prosl branco com rosa TAM 7",0000311,simple,publish,1350,1350,,1,,,
4261,"luva fj junior small",0000295,simple,publish,120,120,,1,,,
4246,"Shorts adidas preto masculino TAM 36",0000310,simple,publish,460,460,,1,,,
4262,"luva fj junior med/large",0000294,simple,publish,120,120,,1,,,
4247,"Shorts saia adidas preto TAM M",0000309,simple,publish,420,420,,1,,,
4263,"shorts saia Fj preto tam m",0000293,simple,publish,440,440,,1,,,
4248,"Bolsa de tacos ultralight",0000308,simple,publish,2950,2950,,1,,,
4264,"Vestido lady hagen tam M",0000292,simple,publish,420,420,,1,,,
4249,"picole chocolate",0000307,simple,publish,12,12,,1,,,
4265,"shorts saia fj salmão tam M",0000291,simple,publish,440,440,,1,,,
4250,"picole 7 belo",0000306,simple,publish,12,12,,1,,,
4266,"Shorts saia FJ branco tam XS",0000290,simple,publish,440,440,,1,,,
4251,"picole brigadeiro",0000305,simple,publish,18,18,,1,,,
4267,"Shorts masculino walter hagen azul tam 36'9",0000289,simple,publish,380,380,,1,,,
4252,"picole de coco branco",0000304,simple,publish,15,15,,1,,,
4268,"Shorts masculino walter hagen azul tam 34'9",0000288,simple,publish,380,380,,1,,,
4237,"trio de bola bridgestone lady precept",0000319,simple,publish,80,80,,1,,,
4253,"picole de brownie",0000303,simple,publish,18,18,,1,,,
4238,"trio de bola callaway supersoft laranja",0000318,simple,publish,90,90,,1,,,
4254,"picole de leite com creme de avela",0000302,simple,publish,15,15,,1,,,
4239,"caixa de bola callaway supersoft completa laranja",0000317,simple,publish,320,320,,1,,,
4255,"picole caramelo crocante com flor de sal",0000301,simple,publish,18,18,,1,,,
4235,"CALÇA GLORIA VANDERBILT VERDE",1,simple,publish,460,460,,1,,,
4236,"caixa de bola completa bridgestone lady precept",0000320,simple,publish,290,290,,1,,,
4127,"Tênis de Golfe FootJoy Flex Coastal — Versatilidade e Conforto em Azul TM 8",81,simple,publish,1250,1250,,1,Calçados,,http://localhost/htdocs/pontodogolfe/wp-content/uploads/2025/10/f450d91e-e170-42b1-99d3-8c07764613f9.jpg
3819,"ADIDAS Tech Response SL 3.0 CINZA E ROXO (TAM 6)",0000023,simple,publish,1350,1350,,1,,,
3821,"Adidas Solarmotion BOA 24 Spikeless Golf (TAM 7) CINZA COM VERDE",0000020,simple,publish,1250,1250,,1,,,
3826,"Tênis de Golfe Masculino adidas Retrocross Spikeless (TAM 11 1/2) BRANCO COM VERDE",0000015,simple,publish,1250,1250,,1,Calçados,,http://localhost/htdocs/pontodogolfe/wp-content/uploads/2025/10/f-whitegreen-x-1.jpg
3827,"Adidas Summervent 24 (TAM 7)",0000014,simple,publish,1250,1250,,1,,,
3828,"Tênis de Golfe adidas S2G Spikeless BOA 24 (TAM 8 1/2)",0000013,simple,publish,1250,1250,,1,Calçados,,http://localhost/htdocs/pontodogolfe/wp-content/uploads/2025/10/48d9bc7e2f0356dabeca4093188c85cc.jpg
3829,"Adidas Solarmotion BOA (TAM 7)",0000012,simple,publish,1250,1250,,1,,,
3810,"Tênis de Golfe adidas S2G Spikeless BOA 24  (TAM 7 1/2)",0000032,simple,publish,1250,1250,,1,Calçados,,http://localhost/htdocs/pontodogolfe/wp-content/uploads/2025/10/48d9bc7e2f0356dabeca4093188c85cc.jpg
3059,"Barra trio coco e chocolate",0000072,simple,publish,4,4,,1,,,
2470,"CAMISETA ADIDAS BRANCA TM M",289,simple,publish,330,330,,1,Array,,
